global_profile_id,source_file,local_profile_id,float_id,cycle_number,datetime,latitude,longitude,min_pressure,max_pressure,measurement_count,project_name,institution,data_mode
1,20251101_prof.nc,0,4903839,103,2025-11-01 23:55:20,25.08259,57.40106,3.4000000953674316,1410.5999755859375,705,ARGO,FR GDAC,R
2,20251101_prof.nc,1,2902764,215,2025-11-01 23:48:13,3.863,83.923,0.10000000149011612,1982.4000244140625,102,ARGO,FR GDAC,R
3,20251101_prof.nc,2,5906256,198,2025-11-01 22:46:55,-43.037,130.202,4.300000190734863,1998.6400146484375,510,ARGO,FR GDAC,R
4,20251101_prof.nc,3,7900522,238,2025-11-01 22:11:20,-47.723261666666666,60.70451166666667,2.9000000953674316,2006.5,495,ARGO,FR GDAC,R
5,20251101_prof.nc,4,1901839,331,2025-11-01 21:42:25,-16.8355,75.83732,1.1200000047683716,2005.56005859375,1009,ARGO,FR GDAC,R
6,20251101_prof.nc,5,5904815,330,2025-11-01 21:35:17,-22.837,84.083,4.300000190734863,1995.0999755859375,509,ARGO,FR GDAC,R
7,20251101_prof.nc,6,5905401,277,2025-11-01 20:32:43,-38.368,133.2663,4.099999904632568,2008.199951171875,1003,ARGO,FR GDAC,R
8,20251101_prof.nc,7,1902216,328,2025-11-01 19:51:09,-59.89987,118.25858,1.0399999618530273,2005.1199951171875,1008,ARGO,FR GDAC,R
9,20251101_prof.nc,8,7902149,18,2025-11-01 19:50:40,-44.5508,138.3882,4.199999809265137,1999.81005859375,500,ARGO,FR GDAC,R
10,20251101_prof.nc,9,1901754,212,2025-11-01 19:43:22,-37.8535,42.0598,4.300000190734863,1995.97998046875,899,ARGO,FR GDAC,R
11,20251101_prof.nc,10,4902950,273,2025-11-01 19:37:48,-3.4946,51.2792,4.099999904632568,1999.6400146484375,852,ARGO,FR GDAC,R
12,20251101_prof.nc,11,5906152,192,2025-11-01 19:01:05,-42.01054,141.59935,1.0,2005.8800048828125,1009,ARGO,FR GDAC,R
13,20251101_prof.nc,12,1902491,60,2025-11-01 18:03:22,-55.5327,50.1731,2.200000047683716,1949.699951171875,510,ARGO,FR GDAC,R
14,20251101_prof.nc,13,5905562,60,2025-11-01 17:58:20,-42.064065,124.50892333333333,0.20000000298023224,1991.300048828125,996,ARGO,FR GDAC,R
15,20251101_prof.nc,14,1902087,102,2025-11-01 17:22:17,-47.7992,45.488,4.190000057220459,1998.1300048828125,546,ARGO,FR GDAC,R
16,20251101_prof.nc,15,1902081,136,2025-11-01 16:42:11,-44.788,85.8185,2.490000009536743,1998.18994140625,599,ARGO,FR GDAC,R
17,20251101_prof.nc,16,1902346,34,2025-11-01 16:29:16,-45.914,122.704,2.4000000953674316,2014.0,1007,ARGO,FR GDAC,R
18,20251101_prof.nc,17,3902394,217,2025-11-01 16:16:49,-50.719,26.383,4.0,2007.4000244140625,1003,ARGO,FR GDAC,R
19,20251101_prof.nc,18,5904800,332,2025-11-01 15:25:38,-35.519,114.005,4.300000190734863,1997.5999755859375,509,ARGO,FR GDAC,R
20,20251101_prof.nc,19,6903261,243,2025-11-01 14:50:30,-48.32259333333333,106.16910833333333,3.5999999046325684,1980.800048828125,161,ARGO,FR GDAC,R
21,20251101_prof.nc,20,7900553,214,2025-11-01 14:36:20,-51.875701666666664,66.66343166666667,4.900000095367432,2002.300048828125,492,ARGO,FR GDAC,R
22,20251101_prof.nc,21,5905593,28,2025-11-01 14:15:20,-57.19926,103.57973666666666,0.30000001192092896,1985.199951171875,995,ARGO,FR GDAC,R
23,20251101_prof.nc,22,5907171,26,2025-11-01 14:14:48,13.2,89.45,0.30000001192092896,2009.699951171875,103,ARGO,FR GDAC,R
24,20251101_prof.nc,23,7902243,35,2025-11-01 14:10:30,-2.2333333333333334,80.55,0.30000001192092896,2002.5999755859375,103,ARGO,FR GDAC,R
25,20251101_prof.nc,24,4903869,25,2025-11-01 14:07:29,17.533333333333335,88.38333333333334,0.4000000059604645,1988.0999755859375,102,ARGO,FR GDAC,R
26,20251101_prof.nc,25,5907139,35,2025-11-01 14:03:55,-1.6333333333333333,84.83333333333333,0.20000000298023224,1982.699951171875,102,ARGO,FR GDAC,R
27,20251101_prof.nc,26,2903892,78,2025-11-01 14:03:09,14.566666666666666,85.11666666666666,0.20000000298023224,1982.800048828125,102,ARGO,FR GDAC,R
28,20251101_prof.nc,27,4903777,65,2025-11-01 13:57:53,9.033333333333333,65.53333333333333,0.4000000059604645,1985.300048828125,102,ARGO,FR GDAC,R
29,20251101_prof.nc,28,1902259,195,2025-11-01 13:49:47,-34.54589,50.02922,0.9599999785423279,2005.800048828125,1009,ARGO,FR GDAC,R
30,20251101_prof.nc,29,6990608,92,2025-11-01 13:46:56,9.416666666666666,88.11666666666666,0.10000000149011612,2008.4000244140625,102,ARGO,FR GDAC,R
31,20251101_prof.nc,30,1902455,89,2025-11-01 13:37:09,3.2417,74.8047,2.0,1998.9000244140625,511,ARGO,FR GDAC,R
32,20251101_prof.nc,31,4903783,65,2025-11-01 13:31:00,4.704571666666666,68.02043833333333,2.5,1962.0999755859375,91,ARGO,FR GDAC,R
33,20251101_prof.nc,32,1902104,73,2025-11-01 13:29:36,-54.7706,47.4026,0.9879999756813049,1998.4169921875,1000,ARGO,FR GDAC,R
34,20251101_prof.nc,33,5907092,87,2025-11-01 13:24:00,13.731085,63.033748333333335,2.4000000953674316,1964.0999755859375,91,ARGO,FR GDAC,R
35,20251101_prof.nc,34,3902581,74,2025-11-01 13:17:00,2.5057633333333333,88.19354166666666,2.5,2002.9000244140625,92,ARGO,FR GDAC,R
36,20251101_prof.nc,35,5906500,131,2025-11-01 12:22:56,-29.173,63.759,4.400000095367432,1599.0899658203125,496,ARGO,FR GDAC,R
37,20251101_prof.nc,36,1902051,196,2025-11-01 12:08:22,-16.39254,93.66983,0.9200000166893005,2001.8399658203125,1007,ARGO,FR GDAC,R
38,20251101_prof.nc,37,1901935,152,2025-11-01 12:04:33,-48.9697,95.3713,2.3299999237060547,1995.27001953125,998,ARGO,FR GDAC,R
39,20251101_prof.nc,38,1902054,196,2025-11-01 11:40:53,-13.53673,99.21803,1.0,2003.43994140625,1007,ARGO,FR GDAC,R
40,20251101_prof.nc,39,7902177,46,2025-11-01 11:30:40,-44.683857,24.718304166666666,3.5299999713897705,1969.5699462890625,242,ARGO,FR GDAC,R
41,20251101_prof.nc,40,7901112,49,2025-11-01 11:25:00,-24.157801666666668,81.31158833333333,3.5,1982.0,646,ARGO,FR GDAC,R
42,20251101_prof.nc,41,5906143,194,2025-11-01 11:08:21,-30.09313,90.46435,1.0399999618530273,2001.9599609375,1007,ARGO,FR GDAC,R
43,20251101_prof.nc,42,1902453,89,2025-11-01 11:07:35,-3.4369,72.835,2.299999952316284,1949.5999755859375,510,ARGO,FR GDAC,R
44,20251101_prof.nc,43,2903472,76,2025-11-01 10:57:34,-29.8917,41.3688,4.400000095367432,1599.22998046875,495,ARGO,FR GDAC,R
45,20251101_prof.nc,44,3902668,24,2025-11-01 10:55:55,-44.9,81.18333333333334,0.10000000149011612,2008.199951171875,99,ARGO,FR GDAC,R
46,20251101_prof.nc,45,5907107,50,2025-11-01 10:13:58,-1.4047,75.0253,4.0,2000.5,999,ARGO,FR GDAC,R
47,20251101_prof.nc,46,7902178,48,2025-11-01 09:46:50,-46.69328699999999,33.23800033333334,3.5299999713897705,1924.25,241,ARGO,FR GDAC,R
48,20251101_prof.nc,47,6904118,219,2025-11-01 09:06:31,-48.28926,83.60786,2.3399999141693115,1995.72998046875,711,ARGO,FR GDAC,R
49,20251101_prof.nc,48,7900921,172,2025-11-01 08:03:00,-54.83365249633789,111.7270278930664,4.440000057220459,1995.739990234375,997,ARGO,FR GDAC,R
50,20251101_prof.nc,49,6904066,170,2025-11-01 06:45:20,-47.67640166666666,99.202075,2.799999952316284,2035.9000244140625,501,ARGO,FR GDAC,R
51,20251101_prof.nc,50,2903464,84,2025-11-01 06:37:10,3.1403,73.8892,2.299999952316284,1949.699951171875,510,ARGO,FR GDAC,R
52,20251101_prof.nc,51,6903051,207,2025-11-01 06:35:30,-40.919235,68.11311333333333,3.0,2012.5999755859375,1007,ARGO,FR GDAC,R
53,20251101_prof.nc,52,6903149,117,2025-11-01 06:05:20,-20.500705,38.84292,3.0,2023.0999755859375,1017,ARGO,FR GDAC,R
54,20251101_prof.nc,53,7902287,25,2025-11-01 06:03:04,9.316666666666666,66.8,0.30000001192092896,2006.9000244140625,103,ARGO,FR GDAC,R
55,20251101_prof.nc,54,4903899,6,2025-11-01 05:10:09,1.5087,85.1121,2.0999999046325684,2000.5,511,ARGO,FR GDAC,R
56,20251101_prof.nc,55,6990701,22,2025-11-01 04:29:55,-9.6827,75.7982,4.300000190734863,2003.9000244140625,1001,ARGO,FR GDAC,R
57,20251101_prof.nc,56,1902090,107,2025-11-01 03:55:02,-55.3665,27.2673,3.9800000190734863,1997.969970703125,546,ARGO,FR GDAC,R
58,20251101_prof.nc,57,5906864,98,2025-11-01 03:44:30,-52.864048333333336,120.97301333333333,6.199999809265137,1996.800048828125,1004,ARGO,FR GDAC,R
59,20251101_prof.nc,58,5906536,109,2025-11-01 03:42:51,-40.5412,32.6874,4.199999809265137,1899.699951171875,499,ARGO,FR GDAC,R
60,20251101_prof.nc,59,2902769,216,2025-11-01 03:22:02,-0.928,73.929,0.0,1987.9000244140625,100,ARGO,FR GDAC,R
61,20251101_prof.nc,60,5906394,209,2025-11-01 02:40:43,-38.83583,130.11306,0.4000000059604645,5042.60009765625,529,ARGO,FR GDAC,R
62,20251101_prof.nc,61,7902131,33,2025-11-01 02:10:00,-25.003,96.3053,4.199999809265137,1999.8199462890625,500,ARGO,FR GDAC,R
63,20251101_prof.nc,62,6990529,84,2025-11-01 01:48:20,-42.99922,27.065346666666667,5.800000190734863,1994.300048828125,284,ARGO,FR GDAC,R
64,20251101_prof.nc,63,5905597,44,2025-11-01 01:40:28,-53.968561666666666,140.08060083333334,1.399999976158142,976.5,976,ARGO,FR GDAC,R
65,20251101_prof.nc,64,3902339,35,2025-11-01 01:38:10,-27.2168,72.33612,1.0399999618530273,2003.239990234375,1007,ARGO,FR GDAC,R
66,20251101_prof.nc,65,4903873,26,2025-11-01 01:08:25,-58.016666666666666,83.21666666666667,0.4000000059604645,2005.4000244140625,103,ARGO,FR GDAC,R
67,20251101_prof.nc,66,5907054,60,2025-11-01 00:17:26,-51.0724,120.3726,4.5,1799.02001953125,497,ARGO,FR GDAC,R
68,20251101_prof.nc,67,3902256,63,2025-11-01 00:11:42,-52.11194,135.18957,1.3200000524520874,2008.6400146484375,1009,ARGO,FR GDAC,R
69,20251102_prof.nc,0,7900942,102,2025-11-02 23:52:42,-56.135498046875,102.50305938720703,4.289999961853027,1995.31005859375,997,ARGO,FR GDAC,R
70,20251102_prof.nc,1,7901108,59,2025-11-02 23:42:42,-39.2289,122.1634,4.199999809265137,1699.6099853515625,496,ARGO,FR GDAC,R
71,20251102_prof.nc,2,5905470,193,2025-11-02 23:29:56,-35.9981,115.903,3.0,2001.18994140625,757,ARGO,FR GDAC,R
72,20251102_prof.nc,3,2902778,213,2025-11-02 23:29:33,-2.233,97.713,0.30000001192092896,1976.9000244140625,102,ARGO,FR GDAC,R
73,20251102_prof.nc,4,2902774,214,2025-11-02 23:28:54,-1.306,95.724,0.10000000149011612,1977.4000244140625,102,ARGO,FR GDAC,R
74,20251102_prof.nc,5,5905773,258,2025-11-02 23:20:07,-44.08379,108.85041,1.0800000429153442,2009.0400390625,1011,ARGO,FR GDAC,R
75,20251102_prof.nc,6,1902651,61,2025-11-02 23:15:34,-39.2831,113.9834,4.5,1598.760009765625,497,ARGO,FR GDAC,R
76,20251102_prof.nc,7,6903031,111,2025-11-02 22:50:00,-5.812443333333333,51.799835,3.700000047683716,3964.60009765625,910,ARGO,FR GDAC,R
77,20251102_prof.nc,8,4902623,111,2025-11-02 22:34:00,-0.6349999904632568,62.93450164794922,-0.10000000149011612,1973.0999755859375,246,ARGO,FR GDAC,R
78,20251102_prof.nc,9,5906290,190,2025-11-02 22:29:22,-29.171,83.289,4.300000190734863,1997.800048828125,510,ARGO,FR GDAC,R
79,20251102_prof.nc,10,7900948,101,2025-11-02 22:14:20,-62.6173210144043,105.02149963378906,4.260000228881836,1997.239990234375,998,ARGO,FR GDAC,R
80,20251102_prof.nc,11,5905388,291,2025-11-02 20:54:24,-32.0763,99.1402,4.400000095367432,1987.699951171875,993,ARGO,FR GDAC,R
81,20251102_prof.nc,12,5905269,296,2025-11-02 20:44:20,-58.99485,89.03581,,,0,ARGO,FR GDAC,R
82,20251102_prof.nc,13,5902502,329,2025-11-02 20:28:53,-24.71526,104.94331,1.0,2002.1199951171875,1007,ARGO,FR GDAC,R
83,20251102_prof.nc,14,4903627,106,2025-11-02 19:36:30,-32.76110166666667,65.56729333333334,2.799999952316284,1997.9000244140625,1002,ARGO,FR GDAC,R
84,20251102_prof.nc,15,5905203,303,2025-11-02 19:26:11,-40.8744,135.0858,4.099999904632568,1999.5799560546875,755,ARGO,FR GDAC,R
85,20251102_prof.nc,16,5904789,332,2025-11-02 18:34:00,-34.495,100.29,4.300000190734863,1747.0999755859375,504,ARGO,FR GDAC,R
86,20251102_prof.nc,17,1902266,194,2025-11-02 18:24:12,-38.32787,103.7822,1.1200000047683716,2010.56005859375,1011,ARGO,FR GDAC,R
87,20251102_prof.nc,18,2903140,107,2025-11-02 18:16:25,6.63214,67.25054,1.0399999618530273,2005.47998046875,1008,ARGO,FR GDAC,R
88,20251102_prof.nc,19,5905547,82,2025-11-02 17:50:20,-15.108693333333333,92.32075166666667,0.10000000149011612,2007.0999755859375,1006,ARGO,FR GDAC,R
89,20251102_prof.nc,20,1902457,89,2025-11-02 17:48:24,6.0359,68.348,2.0,2001.699951171875,511,ARGO,FR GDAC,R
90,20251102_prof.nc,21,3901998,169,2025-11-02 17:41:30,-42.357638333333334,26.688986666666665,2.799999952316284,2002.0,587,ARGO,FR GDAC,R
91,20251102_prof.nc,22,2904013,6,2025-11-02 17:12:55,3.4365,86.3559,2.299999952316284,1999.5999755859375,511,ARGO,FR GDAC,R
92,20251102_prof.nc,23,5905427,255,2025-11-02 15:45:51,-33.5616,63.2587,4.199999809265137,1984.4000244140625,991,ARGO,FR GDAC,R
93,20251102_prof.nc,24,2903956,120,2025-11-02 14:55:20,23.269868333333335,59.627691666666664,3.4000000953674316,987.5,493,ARGO,FR GDAC,R
94,20251102_prof.nc,25,5905615,26,2025-11-02 14:38:59,-57.787077599999996,126.86034699999999,0.10000000149011612,4777.60009765625,751,ARGO,FR GDAC,R
95,20251102_prof.nc,26,2903988,29,2025-11-02 14:16:46,12.7,86.43333333333334,0.20000000298023224,2013.699951171875,103,ARGO,FR GDAC,R
96,20251102_prof.nc,27,7902244,35,2025-11-02 14:00:25,-4.833333333333333,81.26666666666667,0.10000000149011612,1238.0,72,ARGO,FR GDAC,R
97,20251102_prof.nc,28,3902629,35,2025-11-02 13:57:25,-3.283333333333333,70.81666666666666,0.30000001192092896,1985.800048828125,102,ARGO,FR GDAC,R
98,20251102_prof.nc,29,2903894,65,2025-11-02 13:56:58,-2.17184,96.66991,0.10000000149011612,1987.699951171875,102,ARGO,FR GDAC,R
99,20251102_prof.nc,30,5905585,32,2025-11-02 13:55:20,-38.57554,130.53335333333334,0.4000000059604645,2020.699951171875,1010,ARGO,FR GDAC,R
100,20251102_prof.nc,31,3902573,65,2025-11-02 13:51:58,9.5,68.43333333333334,0.20000000298023224,2052.10009765625,105,ARGO,FR GDAC,R
101,20251102_prof.nc,32,2903895,65,2025-11-02 13:49:55,9.733333333333333,58.766666666666666,0.20000000298023224,1982.800048828125,102,ARGO,FR GDAC,R
102,20251102_prof.nc,33,5907151,7,2025-11-02 13:48:23,-9.2922,46.0714,0.800000011920929,1999.5400390625,509,ARGO,FR GDAC,R
103,20251102_prof.nc,34,6990614,65,2025-11-02 13:46:25,-5.2,58.38333333333333,0.0,2027.199951171875,104,ARGO,FR GDAC,R
104,20251102_prof.nc,35,2903950,32,2025-11-02 13:25:00,-15.966163333333334,69.035045,2.5999999046325684,1965.5,91,ARGO,FR GDAC,R
105,20251102_prof.nc,36,7901136,89,2025-11-02 13:24:00,16.271035,69.24188833333334,2.5,1968.699951171875,91,ARGO,FR GDAC,R
106,20251102_prof.nc,37,1902625,27,2025-11-02 13:08:36,2.16604,94.19367,1.0800000429153442,2014.280029296875,1011,ARGO,FR GDAC,R
107,20251102_prof.nc,38,5907073,29,2025-11-02 12:12:16,-26.382,98.0907,1.0399999618530273,2007.5999755859375,1010,ARGO,FR GDAC,R
108,20251102_prof.nc,39,1901765,133,2025-11-02 12:05:16,-25.0557,65.0738,4.099999904632568,1948.760009765625,755,ARGO,FR GDAC,R
109,20251102_prof.nc,40,2903137,107,2025-11-02 11:38:19,10.49052,53.88854,1.0399999618530273,2004.1600341796875,1007,ARGO,FR GDAC,R
110,20251102_prof.nc,41,1902767,24,2025-11-02 10:53:59,-40.733333333333334,60.36666666666667,0.30000001192092896,1986.300048828125,102,ARGO,FR GDAC,R
111,20251102_prof.nc,42,1902025,330,2025-11-02 10:04:37,-2.66565,48.90596,0.8799999952316284,2004.1199951171875,1007,ARGO,FR GDAC,R
112,20251102_prof.nc,43,5904791,332,2025-11-02 09:53:24,-38.901,102.683,4.099999904632568,1948.0999755859375,508,ARGO,FR GDAC,R
113,20251102_prof.nc,44,1902573,113,2025-11-02 09:40:40,-37.39694,55.99484833333333,0.4000000059604645,2002.9000244140625,1006,ARGO,FR GDAC,R
114,20251102_prof.nc,45,7900702,4,2025-11-02 09:28:20,-61.425635,118.35281333333333,1.5,2029.300048828125,1016,ARGO,FR GDAC,R
115,20251102_prof.nc,46,2903955,102,2025-11-02 08:53:20,23.75538,60.32179333333333,3.5,1998.699951171875,999,ARGO,FR GDAC,R
116,20251102_prof.nc,47,5905777,258,2025-11-02 08:47:23,-32.39255,57.02407,1.1200000047683716,2007.1600341796875,1010,ARGO,FR GDAC,R
117,20251102_prof.nc,48,3902472,110,2025-11-02 08:42:09,-34.894608833333336,41.82815966666667,3.559999942779541,1971.050048828125,242,ARGO,FR GDAC,R
118,20251102_prof.nc,49,5905678,288,2025-11-02 08:31:31,-47.78052,49.14776,0.9200000166893005,2003.800048828125,1008,ARGO,FR GDAC,R
119,20251102_prof.nc,50,5905779,252,2025-11-02 07:45:58,-38.91598,93.8902,1.2400000095367432,2010.0,1011,ARGO,FR GDAC,R
120,20251102_prof.nc,51,2903139,107,2025-11-02 07:43:29,-6.33178,95.90883,0.47999998927116394,2017.8800048828125,1015,ARGO,FR GDAC,R
121,20251102_prof.nc,52,5905771,260,2025-11-02 07:11:31,-21.03211,81.95343,0.9200000166893005,2003.56005859375,1008,ARGO,FR GDAC,R
122,20251102_prof.nc,53,6903088,110,2025-11-02 07:01:00,-6.283756666666667,48.571468333333335,2.4000000953674316,4015.699951171875,957,ARGO,FR GDAC,R
123,20251102_prof.nc,54,2903466,86,2025-11-02 06:54:37,-0.544,80.9963,2.299999952316284,1949.699951171875,509,ARGO,FR GDAC,R
124,20251102_prof.nc,55,2903793,69,2025-11-02 06:54:20,-50.76488666666667,68.65289666666666,6.599999904632568,1861.4000244140625,462,ARGO,FR GDAC,R
125,20251102_prof.nc,56,5906651,168,2025-11-02 06:52:47,-50.689715912954156,126.40314788657358,4.449999809265137,1995.469970703125,997,ARGO,FR GDAC,R
126,20251102_prof.nc,57,6904095,170,2025-11-02 06:49:20,-51.14875166666667,142.63433666666666,3.0,2000.699951171875,494,ARGO,FR GDAC,R
127,20251102_prof.nc,58,5906149,204,2025-11-02 05:34:52,-32.67103,103.70745,0.9599999785423279,2003.56005859375,1008,ARGO,FR GDAC,R
128,20251102_prof.nc,59,6903148,117,2025-11-02 05:25:20,-10.483405,54.573815,3.799999952316284,1976.9000244140625,969,ARGO,FR GDAC,R
129,20251102_prof.nc,60,4903650,100,2025-11-02 05:14:20,-51.32379,43.82382,3.299999952316284,1981.800048828125,161,ARGO,FR GDAC,R
130,20251102_prof.nc,61,5906979,100,2025-11-02 05:11:20,-57.60129333333333,50.67997166666667,3.5999999046325684,2011.800048828125,162,ARGO,FR GDAC,R
131,20251102_prof.nc,62,6904078,142,2025-11-02 04:45:20,-51.85033833333333,65.729535,3.200000047683716,2011.0999755859375,496,ARGO,FR GDAC,R
132,20251102_prof.nc,63,7900864,249,2025-11-02 03:57:13,-60.943,116.401,7.0,2259.39990234375,563,ARGO,FR GDAC,R
133,20251102_prof.nc,64,3902459,98,2025-11-02 03:48:30,-58.10715,124.38517166666666,2.799999952316284,1991.699951171875,1014,ARGO,FR GDAC,R
134,20251102_prof.nc,65,2903768,98,2025-11-02 03:43:30,-38.27836,88.39640166666666,2.9000000953674316,2011.9000244140625,1011,ARGO,FR GDAC,R
135,20251102_prof.nc,66,7900679,293,2025-11-02 03:27:00,-57.39844,108.27796,,,0,ARGO,FR GDAC,R
136,20251102_prof.nc,67,1902268,101,2025-11-02 02:05:48,-24.23493,56.56321,1.399999976158142,4647.10009765625,514,ARGO,FR GDAC,R
137,20251102_prof.nc,68,2903829,27,2025-11-02 01:25:37,8.48776,87.82125,1.0399999618530273,2007.719970703125,1010,ARGO,FR GDAC,R
138,20251102_prof.nc,69,3902669,26,2025-11-02 01:01:26,18.766666666666666,65.05,0.4000000059604645,1985.5,102,ARGO,FR GDAC,R
139,20251102_prof.nc,70,5907141,103,2025-11-02 01:01:20,24.741706666666666,59.745873333333336,3.200000047683716,1537.300048828125,768,ARGO,FR GDAC,R
140,20251102_prof.nc,71,2903432,59,2025-11-02 00:46:45,-23.01799,95.31501,1.0,2009.8399658203125,1010,ARGO,FR GDAC,R
141,20251102_prof.nc,72,2903143,112,2025-11-02 00:45:04,-6.52341,73.68461,0.9599999785423279,2003.3599853515625,1152,ARGO,FR GDAC,R
142,20251103_prof.nc,0,1902475,188,2025-11-03 23:47:00,-30.61988,53.76179,-0.10000000149011612,4075.300048828125,712,ARGO,FR GDAC,R
143,20251103_prof.nc,1,7900943,146,2025-11-03 23:38:59,-58.962447166666664,113.94466533333333,3.4000000953674316,1968.199951171875,322,ARGO,FR GDAC,R
144,20251103_prof.nc,2,2902765,210,2025-11-03 23:37:19,12.521,87.65,0.4000000059604645,1978.800048828125,102,ARGO,FR GDAC,R
145,20251103_prof.nc,3,1902734,66,2025-11-03 22:42:20,21.79506,61.622036666666666,3.700000047683716,1986.800048828125,993,ARGO,FR GDAC,R
146,20251103_prof.nc,4,3902503,92,2025-11-03 22:40:55,-44.1869,88.4369,4.230000019073486,1998.1400146484375,545,ARGO,FR GDAC,R
147,20251103_prof.nc,5,5905440,225,2025-11-03 22:34:24,-41.6888,125.1635,4.0,2000.5400390625,898,ARGO,FR GDAC,R
148,20251103_prof.nc,6,7901083,25,2025-11-03 20:54:31,-8.4742,101.48748,1.0399999618530273,2006.0400390625,1009,ARGO,FR GDAC,R
149,20251103_prof.nc,7,6904229,84,2025-11-03 20:51:40,-48.721756666666664,37.661986666666664,0.30000001192092896,2007.800048828125,498,ARGO,FR GDAC,R
150,20251103_prof.nc,8,5907141,104,2025-11-03 20:50:20,24.96663,59.382045,3.299999952316284,984.9000244140625,492,ARGO,FR GDAC,R
151,20251103_prof.nc,9,7900552,204,2025-11-03 20:43:20,-40.969791666666666,65.48604833333333,5.900000095367432,2004.0,286,ARGO,FR GDAC,R
152,20251103_prof.nc,10,4903628,106,2025-11-03 19:42:30,-32.02694,90.73515,3.0,2021.5,1013,ARGO,FR GDAC,R
153,20251103_prof.nc,11,1901898,272,2025-11-03 19:37:21,15.5262,54.272,24.899999618530273,2002.300048828125,54,ARGO,FR GDAC,R
154,20251103_prof.nc,12,5906333,174,2025-11-03 19:25:38,-46.526,40.991,4.300000190734863,1998.4000244140625,510,ARGO,FR GDAC,R
155,20251103_prof.nc,13,3902009,134,2025-11-03 19:17:30,-58.09774,27.195901666666668,3.0,2012.5,601,ARGO,FR GDAC,R
156,20251103_prof.nc,14,7900505,320,2025-11-03 18:52:48,-39.473,21.767,4.599999904632568,1949.800048828125,91,ARGO,FR GDAC,R
157,20251103_prof.nc,15,5905589,31,2025-11-03 18:30:20,-32.53498333333334,104.03835833333333,0.20000000298023224,1964.800048828125,985,ARGO,FR GDAC,R
158,20251103_prof.nc,16,1902193,273,2025-11-03 18:24:44,-0.1401,60.8297,4.199999809265137,1997.4200439453125,852,ARGO,FR GDAC,R
159,20251103_prof.nc,17,6990583,62,2025-11-03 18:20:19,-58.9213,138.9875,4.300000190734863,1599.52001953125,496,ARGO,FR GDAC,R
160,20251103_prof.nc,18,6904076,142,2025-11-03 16:48:20,-47.14355166666667,116.60090166666667,3.4000000953674316,1982.9000244140625,489,ARGO,FR GDAC,R
161,20251103_prof.nc,19,1902458,88,2025-11-03 16:48:02,12.101,67.1436,2.4000000953674316,1999.4000244140625,511,ARGO,FR GDAC,R
162,20251103_prof.nc,20,3901832,292,2025-11-03 16:38:58,-45.60141,63.62939,1.0,2017.9200439453125,1014,ARGO,FR GDAC,R
163,20251103_prof.nc,21,5904813,331,2025-11-03 16:09:24,-40.065,86.496,4.099999904632568,1947.4000244140625,509,ARGO,FR GDAC,R
164,20251103_prof.nc,22,1902762,21,2025-11-03 15:56:30,-3.5823,64.5034,4.199999809265137,2003.199951171875,1001,ARGO,FR GDAC,R
165,20251103_prof.nc,23,1902606,92,2025-11-03 15:55:46,-38.1808,58.0273,4.130000114440918,1997.3900146484375,546,ARGO,FR GDAC,R
166,20251103_prof.nc,24,5907075,29,2025-11-03 14:52:45,-24.34452,82.98271,1.0399999618530273,2011.43994140625,1012,ARGO,FR GDAC,R
167,20251103_prof.nc,25,1902572,114,2025-11-03 14:51:40,-12.59827,51.83071666666667,0.4000000059604645,2006.199951171875,1001,ARGO,FR GDAC,R
168,20251103_prof.nc,26,6903142,81,2025-11-03 14:47:30,-2.00628,84.17541833333334,3.0,1995.9000244140625,996,ARGO,FR GDAC,R
169,20251103_prof.nc,27,5906628,175,2025-11-03 14:27:53,-41.998653411865234,116.57113647460938,4.380000114440918,1927.6700439453125,963,ARGO,FR GDAC,R
170,20251103_prof.nc,28,7902248,31,2025-11-03 14:17:16,11.866666666666667,87.55,0.30000001192092896,2002.5999755859375,103,ARGO,FR GDAC,R
171,20251103_prof.nc,29,7901130,65,2025-11-03 14:10:04,-2.1,90.4,0.4000000059604645,1987.5999755859375,102,ARGO,FR GDAC,R
172,20251103_prof.nc,30,4903837,32,2025-11-03 14:01:58,-13.166666666666666,72.31666666666666,0.30000001192092896,2030.199951171875,104,ARGO,FR GDAC,R
173,20251103_prof.nc,31,6990612,75,2025-11-03 13:57:25,12.616666666666667,65.73333333333333,0.20000000298023224,2028.0,104,ARGO,FR GDAC,R
174,20251103_prof.nc,32,5907140,31,2025-11-03 13:47:59,8.316666666666666,84.78333333333333,0.10000000149011612,2005.5999755859375,103,ARGO,FR GDAC,R
175,20251103_prof.nc,33,5905586,32,2025-11-03 13:46:20,-37.34235666666667,137.76796666666667,0.4000000059604645,2016.9000244140625,1011,ARGO,FR GDAC,R
176,20251103_prof.nc,34,2903952,32,2025-11-03 13:45:34,-12.383333333333333,68.96666666666667,0.0,2002.5999755859375,103,ARGO,FR GDAC,R
177,20251103_prof.nc,35,5906258,192,2025-11-03 13:40:14,-22.041,93.359,4.400000095367432,1998.199951171875,509,ARGO,FR GDAC,R
178,20251103_prof.nc,36,5905415,260,2025-11-03 12:41:00,-24.300168333333332,90.274425,0.30000001192092896,2025.0999755859375,1015,ARGO,FR GDAC,R
179,20251103_prof.nc,37,7900945,102,2025-11-03 12:09:20,-55.00578,97.329375,1.2999999523162842,1956.800048828125,980,ARGO,FR GDAC,R
180,20251103_prof.nc,38,5905525,112,2025-11-03 11:22:44,-23.300434112548828,109.76713562011719,4.21999979019165,1995.4599609375,997,ARGO,FR GDAC,R
181,20251103_prof.nc,39,5906634,169,2025-11-03 11:16:04,-27.8794,74.1599,4.300000190734863,2000.239990234375,755,ARGO,FR GDAC,R
182,20251103_prof.nc,40,5906283,190,2025-11-03 09:22:08,-28.817,70.033,4.300000190734863,1999.4000244140625,510,ARGO,FR GDAC,R
183,20251103_prof.nc,41,5905594,28,2025-11-03 09:03:20,-54.58058,114.43536166666667,0.20000000298023224,1977.4000244140625,991,ARGO,FR GDAC,R
184,20251103_prof.nc,42,5907086,58,2025-11-03 08:52:00,5.972498333333333,86.896765,2.799999952316284,2021.9000244140625,528,ARGO,FR GDAC,R
185,20251103_prof.nc,43,7901005,99,2025-11-03 08:50:30,-52.16515,125.39479833333333,3.0,2012.800048828125,1006,ARGO,FR GDAC,R
186,20251103_prof.nc,44,6904237,99,2025-11-03 08:50:30,-61.75586166666667,81.325495,3.0,1993.0999755859375,1012,ARGO,FR GDAC,R
187,20251103_prof.nc,45,7900577,170,2025-11-03 08:42:20,-56.7519,75.51949,5.099999904632568,1997.300048828125,491,ARGO,FR GDAC,R
188,20251103_prof.nc,46,5905423,256,2025-11-03 08:41:36,-36.778,90.1292,4.300000190734863,1984.4000244140625,991,ARGO,FR GDAC,R
189,20251103_prof.nc,47,3901833,292,2025-11-03 08:38:58,-47.13198,117.59095,1.0399999618530273,2015.8800048828125,1013,ARGO,FR GDAC,R
190,20251103_prof.nc,48,5905560,62,2025-11-03 07:52:20,-33.56453833333333,80.131435,0.30000001192092896,1984.0,994,ARGO,FR GDAC,R
191,20251103_prof.nc,49,7900513,251,2025-11-03 07:20:00,-56.93412,119.94522833333333,6.400000095367432,1961.5999755859375,95,ARGO,FR GDAC,R
192,20251103_prof.nc,50,1901755,212,2025-11-03 07:18:43,-43.4038,51.9952,4.300000190734863,1948.8800048828125,898,ARGO,FR GDAC,R
193,20251103_prof.nc,51,6904070,170,2025-11-03 06:46:20,-44.86299,103.51637833333334,3.200000047683716,2017.5,497,ARGO,FR GDAC,R
194,20251103_prof.nc,52,6904075,142,2025-11-03 06:39:20,-42.64272833333333,54.21761333333333,3.0999999046325684,1980.5,490,ARGO,FR GDAC,R
195,20251103_prof.nc,53,1902452,117,2025-11-03 06:32:02,-44.50157,22.19396,0.47999998927116394,2011.6800537109375,1012,ARGO,FR GDAC,R
196,20251103_prof.nc,54,5906273,192,2025-11-03 06:22:35,-13.916,97.158,4.400000095367432,1998.1500244140625,509,ARGO,FR GDAC,R
197,20251103_prof.nc,55,6990715,25,2025-11-03 06:06:13,11.383333333333333,69.68333333333334,0.0,1237.9000244140625,72,ARGO,FR GDAC,R
198,20251103_prof.nc,56,1902474,188,2025-11-03 05:59:36,-30.72111,58.87988,-0.20000000298023224,2790.0,511,ARGO,FR GDAC,R
199,20251103_prof.nc,57,1902267,105,2025-11-03 05:53:14,-33.03607,52.62072,0.4000000059604645,4446.10009765625,508,ARGO,FR GDAC,R
200,20251103_prof.nc,58,7900496,323,2025-11-03 05:51:32,-46.452,134.864,5.199999809265137,1999.0999755859375,93,ARGO,FR GDAC,R
201,20251103_prof.nc,59,2903138,107,2025-11-03 05:17:44,5.52666,65.58907,0.9599999785423279,2016.1600341796875,1013,ARGO,FR GDAC,R
202,20251103_prof.nc,60,6904144,133,2025-11-03 04:35:20,-38.49400833333333,52.619835,3.0999999046325684,1965.699951171875,487,ARGO,FR GDAC,R
203,20251103_prof.nc,61,5906633,169,2025-11-03 03:51:44,-28.8369,52.8572,2.799999952316284,2003.4000244140625,1002,ARGO,FR GDAC,R
204,20251103_prof.nc,62,5906526,124,2025-11-03 03:28:55,-39.354,71.492,4.599999904632568,1599.1500244140625,496,ARGO,FR GDAC,R
205,20251103_prof.nc,63,1902598,70,2025-11-03 02:38:00,-45.04336,58.03399666666667,0.5,2015.5,547,ARGO,FR GDAC,R
206,20251103_prof.nc,64,6903084,108,2025-11-03 01:31:00,-34.025061666666666,34.0273,3.4000000953674316,2430.300048828125,773,ARGO,FR GDAC,R
207,20251103_prof.nc,65,1902289,46,2025-11-03 01:18:02,5.9136,67.7633,2.9000000953674316,1979.5,990,ARGO,FR GDAC,R
208,20251104_prof.nc,0,6904210,134,2025-11-04 23:17:20,-55.819156666666665,97.420415,4.800000190734863,2016.800048828125,495,ARGO,FR GDAC,R
209,20251104_prof.nc,1,1902472,90,2025-11-04 22:20:27,0.54875,65.27649,0.9599999785423279,2015.52001953125,1013,ARGO,FR GDAC,R
210,20251104_prof.nc,2,3902346,37,2025-11-04 22:09:31,-23.75121,62.85011,0.4000000059604645,2007.800048828125,1010,ARGO,FR GDAC,R
211,20251104_prof.nc,3,1901759,169,2025-11-04 22:00:14,-23.9838,49.959,2.700000047683716,1996.8399658203125,757,ARGO,FR GDAC,R
212,20251104_prof.nc,4,7902151,18,2025-11-04 21:57:54,-43.1091,141.2044,4.099999904632568,1599.31005859375,495,ARGO,FR GDAC,R
213,20251104_prof.nc,5,5905066,324,2025-11-04 21:51:41,-42.137,85.312,4.099999904632568,1973.699951171875,986,ARGO,FR GDAC,R
214,20251104_prof.nc,6,7902138,30,2025-11-04 21:39:26,-48.1325,87.1372,4.300000190734863,1999.0999755859375,508,ARGO,FR GDAC,R
215,20251104_prof.nc,7,5906151,192,2025-11-04 21:38:07,-41.50593,125.06735,1.0399999618530273,2013.4000244140625,1013,ARGO,FR GDAC,R
216,20251104_prof.nc,8,1902337,215,2025-11-04 20:26:06,-33.809,55.125,4.199999809265137,2013.4000244140625,1006,ARGO,FR GDAC,R
217,20251104_prof.nc,9,7902132,33,2025-11-04 20:07:25,-20.1598,107.8466,4.400000095367432,1996.4200439453125,500,ARGO,FR GDAC,R
218,20251104_prof.nc,10,4903626,106,2025-11-04 19:37:30,-30.773465,81.64636666666667,2.9000000953674316,2010.800048828125,1006,ARGO,FR GDAC,R
219,20251104_prof.nc,11,5902491,332,2025-11-04 19:30:52,-18.76751,88.98924,1.0399999618530273,2003.800048828125,1008,ARGO,FR GDAC,R
220,20251104_prof.nc,12,1902192,276,2025-11-04 18:53:48,-41.1629,40.7048,4.099999904632568,1999.239990234375,851,ARGO,FR GDAC,R
221,20251104_prof.nc,13,1902201,269,2025-11-04 18:21:11,-14.3835,80.0726,4.300000190734863,1948.8299560546875,852,ARGO,FR GDAC,R
222,20251104_prof.nc,14,5905471,193,2025-11-04 17:26:01,-36.6587,110.3305,4.400000095367432,1948.199951171875,947,ARGO,FR GDAC,R
223,20251104_prof.nc,15,5907051,81,2025-11-04 17:19:31,-36.5184,91.8211,4.400000095367432,1598.93994140625,494,ARGO,FR GDAC,R
224,20251104_prof.nc,16,2903956,121,2025-11-04 17:01:20,23.396816666666666,59.58617666666667,3.5,1037.5,518,ARGO,FR GDAC,R
225,20251104_prof.nc,17,5905524,123,2025-11-04 16:58:32,-15.358,104.7559,4.099999904632568,2010.199951171875,1004,ARGO,FR GDAC,R
226,20251104_prof.nc,18,6990702,20,2025-11-04 16:31:59,-11.6462,67.8864,4.0,2001.0999755859375,1000,ARGO,FR GDAC,R
227,20251104_prof.nc,19,5905474,193,2025-11-04 15:52:47,-35.5156,121.4742,4.300000190734863,1998.93994140625,948,ARGO,FR GDAC,R
228,20251104_prof.nc,20,5905500,134,2025-11-04 15:43:52,-21.7345,73.7468,4.400000095367432,2000.0699462890625,755,ARGO,FR GDAC,R
229,20251104_prof.nc,21,6990635,52,2025-11-04 15:11:47,-6.6936,65.2239,4.0,1973.9000244140625,986,ARGO,FR GDAC,R
230,20251104_prof.nc,22,5905595,28,2025-11-04 14:53:20,-56.98082,121.21012666666667,0.30000001192092896,2005.5,1005,ARGO,FR GDAC,R
231,20251104_prof.nc,23,5905615,27,2025-11-04 14:40:11,-57.717871499999994,127.02270659999999,0.10000000149011612,4780.10009765625,749,ARGO,FR GDAC,R
232,20251104_prof.nc,24,3902255,61,2025-11-04 14:17:51,-50.20601,136.58592,0.4399999976158142,2001.56005859375,1007,ARGO,FR GDAC,R
233,20251104_prof.nc,25,7902249,31,2025-11-04 14:09:26,11.066666666666666,85.0,0.20000000298023224,1984.5999755859375,102,ARGO,FR GDAC,R
234,20251104_prof.nc,26,2903893,67,2025-11-04 14:08:50,-0.7833333333333333,78.5,0.4000000059604645,2009.699951171875,102,ARGO,FR GDAC,R
235,20251104_prof.nc,27,7902251,31,2025-11-04 14:06:03,11.183333333333334,88.7,0.20000000298023224,1984.199951171875,102,ARGO,FR GDAC,R
236,20251104_prof.nc,28,1902673,75,2025-11-04 14:02:55,12.066666666666666,68.2,0.30000001192092896,2013.0999755859375,103,ARGO,FR GDAC,R
237,20251104_prof.nc,29,3902630,32,2025-11-04 13:59:34,-8.75,76.56666666666666,0.20000000298023224,1262.699951171875,73,ARGO,FR GDAC,R
238,20251104_prof.nc,30,1902260,195,2025-11-04 13:46:46,-60.67971,137.43064,0.9599999785423279,2011.52001953125,1012,ARGO,FR GDAC,R
239,20251104_prof.nc,31,5905465,208,2025-11-04 13:40:21,-30.694,102.5188,4.099999904632568,1998.1600341796875,948,ARGO,FR GDAC,R
240,20251104_prof.nc,32,1902221,245,2025-11-04 12:54:23,-35.54763,62.80786,0.36000001430511475,2009.0799560546875,1011,ARGO,FR GDAC,R
241,20251104_prof.nc,33,5905549,82,2025-11-04 12:48:20,-14.560673333333334,78.67975833333334,0.20000000298023224,1993.4000244140625,999,ARGO,FR GDAC,R
242,20251104_prof.nc,34,4903759,49,2025-11-04 11:24:00,-22.151085,83.17093833333334,3.5,1984.699951171875,646,ARGO,FR GDAC,R
243,20251104_prof.nc,35,2903434,57,2025-11-04 10:52:50,11.72395,85.77961,1.2000000476837158,2013.3199462890625,1012,ARGO,FR GDAC,R
244,20251104_prof.nc,36,1902481,94,2025-11-04 10:49:50,-35.97332,23.46676,0.47999998927116394,2015.0799560546875,1014,ARGO,FR GDAC,R
245,20251104_prof.nc,37,2903955,103,2025-11-04 10:47:20,23.542818333333333,60.11442666666667,3.299999952316284,2020.9000244140625,1010,ARGO,FR GDAC,R
246,20251104_prof.nc,38,1901770,47,2025-11-04 10:42:20,-45.15718666666667,74.919775,1.2999999523162842,2033.0,1018,ARGO,FR GDAC,R
247,20251104_prof.nc,39,7901034,92,2025-11-04 10:41:53,-44.7636,51.5551,4.179999828338623,1998.280029296875,546,ARGO,FR GDAC,R
248,20251104_prof.nc,40,1902476,187,2025-11-04 08:51:07,-27.98061,68.06563,-0.20000000298023224,4128.2001953125,897,ARGO,FR GDAC,R
249,20251104_prof.nc,41,6904082,136,2025-11-04 08:44:20,-36.160455,62.03533,3.0,1972.5999755859375,488,ARGO,FR GDAC,R
250,20251104_prof.nc,42,5906140,199,2025-11-04 08:33:19,-35.24657,113.96157,1.0,1427.8800048828125,720,ARGO,FR GDAC,R
251,20251104_prof.nc,43,5906970,115,2025-11-04 08:05:30,-8.159951000000001,46.05127566666667,3.4600000381469727,1807.0699462890625,239,ARGO,FR GDAC,R
252,20251104_prof.nc,44,1902027,330,2025-11-04 08:00:11,-46.1406,116.73946,1.1200000047683716,2001.719970703125,1007,ARGO,FR GDAC,R
253,20251104_prof.nc,45,7902128,34,2025-11-04 07:29:16,-21.4455,64.7287,4.400000095367432,1897.0999755859375,499,ARGO,FR GDAC,R
254,20251104_prof.nc,46,2902775,251,2025-11-04 07:27:37,7.644,89.239,0.30000001192092896,1988.5999755859375,102,ARGO,FR GDAC,R
255,20251104_prof.nc,47,4903660,115,2025-11-04 07:05:15,18.31463,61.566844666666675,3.440000057220459,1014.6900024414062,223,ARGO,FR GDAC,R
256,20251104_prof.nc,48,6990514,115,2025-11-04 07:01:21,16.2330685,66.35593733333333,3.490000009536743,1009.02001953125,223,ARGO,FR GDAC,R
257,20251104_prof.nc,49,1902785,20,2025-11-04 06:57:32,-27.183333333333334,62.55,0.30000001192092896,1979.800048828125,57,ARGO,FR GDAC,R
258,20251104_prof.nc,50,6990503,135,2025-11-04 06:43:15,1.9264063333333334,76.79195966666666,3.4600000381469727,1011.780029296875,223,ARGO,FR GDAC,R
259,20251104_prof.nc,51,5905778,252,2025-11-04 06:05:45,-37.41957,77.52361,1.0399999618530273,2007.280029296875,1010,ARGO,FR GDAC,R
260,20251104_prof.nc,52,5907176,25,2025-11-04 06:03:49,-57.36666666666667,74.4,0.30000001192092896,2012.199951171875,103,ARGO,FR GDAC,R
261,20251104_prof.nc,53,7900533,234,2025-11-04 05:48:20,-41.02052666666667,55.44274,2.9000000953674316,2015.9000244140625,497,ARGO,FR GDAC,R
262,20251104_prof.nc,54,1902036,252,2025-11-04 05:46:38,-28.87093,49.97713,1.0,2007.239990234375,1010,ARGO,FR GDAC,R
263,20251104_prof.nc,55,1902670,78,2025-11-04 05:26:49,11.45,80.18333333333334,5.400000095367432,1358.4000244140625,72,ARGO,FR GDAC,R
264,20251104_prof.nc,56,5902500,329,2025-11-04 04:40:12,-37.84546,113.78377,1.0800000429153442,2009.239990234375,1011,ARGO,FR GDAC,R
265,20251104_prof.nc,57,7902125,35,2025-11-04 04:34:21,-24.3519,48.5027,4.5,1999.4200439453125,500,ARGO,FR GDAC,R
266,20251104_prof.nc,58,1902494,65,2025-11-04 04:16:23,-48.6382,41.83,2.299999952316284,2001.0,511,ARGO,FR GDAC,R
267,20251104_prof.nc,59,2903787,122,2025-11-04 03:31:22,-50.69583666666667,122.55139166666667,3.4800000190734863,1010.27001953125,223,ARGO,FR GDAC,R
268,20251104_prof.nc,60,5905651,261,2025-11-04 03:21:49,-40.291,122.606,4.300000190734863,1596.5,502,ARGO,FR GDAC,R
269,20251104_prof.nc,61,4903639,106,2025-11-04 02:53:30,-49.47712,22.892838333333334,3.0,2014.5,598,ARGO,FR GDAC,R
270,20251104_prof.nc,62,7901107,59,2025-11-04 02:42:42,-43.487,122.5526,4.400000095367432,1599.6400146484375,495,ARGO,FR GDAC,R
271,20251104_prof.nc,63,5905776,258,2025-11-04 02:28:47,-24.99151,62.91053,1.0399999618530273,2005.4000244140625,1009,ARGO,FR GDAC,R
272,20251104_prof.nc,64,5905422,256,2025-11-04 02:22:36,-37.9268,79.9684,4.099999904632568,1976.199951171875,987,ARGO,FR GDAC,R
273,20251104_prof.nc,65,5906620,181,2025-11-04 02:07:51,-19.297595977783203,112.83794403076172,4.5,1550.5,774,ARGO,FR GDAC,R
274,20251104_prof.nc,66,1902261,195,2025-11-04 01:58:07,-36.61793,84.18193,1.0800000429153442,2005.47998046875,1009,ARGO,FR GDAC,R
275,20251104_prof.nc,67,3902347,37,2025-11-04 01:42:00,-22.29861,58.29675,0.4399999976158142,2009.8800048828125,1011,ARGO,FR GDAC,R
276,20251104_prof.nc,68,5906217,208,2025-11-04 01:32:22,-49.229,23.573,4.300000190734863,1999.0999755859375,499,ARGO,FR GDAC,R
277,20251104_prof.nc,69,4903839,104,2025-11-04 01:20:20,25.133985,57.358691666666665,3.799999952316284,1371.5999755859375,685,ARGO,FR GDAC,R
278,20251104_prof.nc,70,3902502,92,2025-11-04 00:50:02,-37.2102,59.2768,4.210000038146973,1998.199951171875,546,ARGO,FR GDAC,R
279,20251104_prof.nc,71,3901991,250,2025-11-04 00:32:20,-46.69345666666667,81.27454166666666,2.9000000953674316,2001.4000244140625,599,ARGO,FR GDAC,R
280,20251104_prof.nc,72,1901918,125,2025-11-04 00:22:09,-15.8622,53.6676,4.400000095367432,1899.699951171875,57,ARGO,FR GDAC,R
281,20251104_prof.nc,73,5906292,190,2025-11-04 00:04:54,-46.427,95.735,4.400000095367432,2000.800048828125,510,ARGO,FR GDAC,R
282,20251105_prof.nc,0,5906397,297,2025-11-05 23:57:31,-39.36136,118.81856,0.4000000059604645,4648.7001953125,510,ARGO,FR GDAC,R
283,20251105_prof.nc,1,5902496,330,2025-11-05 23:47:26,-33.38316,109.90447,1.159999966621399,2003.280029296875,1008,ARGO,FR GDAC,R
284,20251105_prof.nc,2,5905472,193,2025-11-05 23:43:38,-39.2451,106.2661,4.199999809265137,2000.780029296875,756,ARGO,FR GDAC,R
285,20251105_prof.nc,3,5905195,314,2025-11-05 23:42:18,-40.5804,107.1498,2.700000047683716,2001.0400390625,948,ARGO,FR GDAC,R
286,20251105_prof.nc,4,1901762,169,2025-11-05 23:33:40,-19.8558,59.5064,4.199999809265137,1948.0799560546875,754,ARGO,FR GDAC,R
287,20251105_prof.nc,5,5906281,192,2025-11-05 22:19:28,-27.174,55.435,4.400000095367432,1998.3800048828125,509,ARGO,FR GDAC,R
288,20251105_prof.nc,6,4903482,64,2025-11-05 22:00:51,-49.66091,135.13847,1.1200000047683716,2018.0400390625,1014,ARGO,FR GDAC,R
289,20251105_prof.nc,7,3901831,292,2025-11-05 21:34:19,-50.21027,92.69557,1.1200000047683716,2009.56005859375,1010,ARGO,FR GDAC,R
290,20251105_prof.nc,8,5905467,208,2025-11-05 21:25:33,-35.2216,90.5967,2.9000000953674316,1948.47998046875,948,ARGO,FR GDAC,R
291,20251105_prof.nc,9,1902287,47,2025-11-05 21:20:33,0.4469,72.9083,2.5999999046325684,1923.9000244140625,962,ARGO,FR GDAC,R
292,20251105_prof.nc,10,2904003,23,2025-11-05 20:43:31,-41.54581,38.40728,1.0,2003.8800048828125,1007,ARGO,FR GDAC,R
293,20251105_prof.nc,11,5906425,163,2025-11-05 20:40:33,-11.75157,144.60997,1.0800000429153442,2007.6800537109375,1010,ARGO,FR GDAC,R
294,20251105_prof.nc,12,6903059,499,2025-11-05 20:08:30,16.72022,58.444785,2.799999952316284,1972.5,1009,ARGO,FR GDAC,R
295,20251105_prof.nc,13,1902471,90,2025-11-05 19:55:12,0.61768,81.91815,1.0800000429153442,2003.52001953125,1007,ARGO,FR GDAC,R
296,20251105_prof.nc,14,5905583,41,2025-11-05 19:54:41,-38.508,116.7,2.5999999046325684,1698.9300537109375,498,ARGO,FR GDAC,R
297,20251105_prof.nc,15,6903151,106,2025-11-05 19:54:30,-26.197335,64.33921666666667,2.799999952316284,2005.5999755859375,1019,ARGO,FR GDAC,R
298,20251105_prof.nc,16,1902191,275,2025-11-05 18:37:25,-14.5072,53.1598,4.099999904632568,2001.06005859375,851,ARGO,FR GDAC,R
299,20251105_prof.nc,17,1902194,273,2025-11-05 18:35:40,1.4565,73.7474,4.300000190734863,2001.43994140625,852,ARGO,FR GDAC,R
300,20251105_prof.nc,18,1902257,195,2025-11-05 18:01:29,-32.28827,59.85377,0.9599999785423279,2011.1199951171875,1012,ARGO,FR GDAC,R
301,20251105_prof.nc,19,2903430,71,2025-11-05 17:48:46,-7.81095,85.13616,1.0,2003.9599609375,1007,ARGO,FR GDAC,R
302,20251105_prof.nc,20,5905577,42,2025-11-05 16:57:20,-21.297373333333333,107.11969333333333,0.20000000298023224,2030.800048828125,1018,ARGO,FR GDAC,R
303,20251105_prof.nc,21,2903982,20,2025-11-05 16:32:24,-13.3622,61.9812,4.099999904632568,1988.0999755859375,993,ARGO,FR GDAC,R
304,20251105_prof.nc,22,2904014,7,2025-11-05 15:09:16,-4.903,56.9428,2.4000000953674316,1650.9000244140625,504,ARGO,FR GDAC,R
305,20251105_prof.nc,23,5906231,226,2025-11-05 14:45:15,-34.455,64.431,4.300000190734863,1946.8599853515625,509,ARGO,FR GDAC,R
306,20251105_prof.nc,24,3902534,29,2025-11-05 14:41:38,-25.56485,89.40859,1.0399999618530273,2036.0400390625,1024,ARGO,FR GDAC,R
307,20251105_prof.nc,25,2903989,27,2025-11-05 14:15:09,15.85,84.95,2.299999952316284,1963.4000244140625,99,ARGO,FR GDAC,R
308,20251105_prof.nc,26,5907085,75,2025-11-05 14:11:49,8.166666666666666,68.15,0.30000001192092896,2008.199951171875,102,ARGO,FR GDAC,R
309,20251105_prof.nc,27,7901131,67,2025-11-05 14:05:03,-4.15,83.73333333333333,0.20000000298023224,2001.0,102,ARGO,FR GDAC,R
310,20251105_prof.nc,28,6990613,67,2025-11-05 14:00:36,-3.2947,69.74314,0.10000000149011612,1263.0999755859375,73,ARGO,FR GDAC,R
311,20251105_prof.nc,29,5904801,333,2025-11-05 13:52:55,-41.123,141.221,4.099999904632568,1897.800048828125,507,ARGO,FR GDAC,R
312,20251105_prof.nc,30,4903633,100,2025-11-05 13:32:30,-32.25601833333333,56.409861666666664,2.9000000953674316,1971.0,992,ARGO,FR GDAC,R
313,20251105_prof.nc,31,6990700,39,2025-11-05 12:51:07,23.253570666666665,61.205194,3.5,1972.8199462890625,242,ARGO,FR GDAC,R
314,20251105_prof.nc,32,5905546,97,2025-11-05 12:48:20,-43.860495,131.01029333333332,0.0,1996.9000244140625,1001,ARGO,FR GDAC,R
315,20251105_prof.nc,33,1901766,82,2025-11-05 12:44:20,-16.683523333333333,76.67167166666667,0.10000000149011612,2017.0999755859375,1011,ARGO,FR GDAC,R
316,20251105_prof.nc,34,1902103,72,2025-11-05 12:09:25,-50.7131,34.0502,2.992000102996826,1998.469970703125,999,ARGO,FR GDAC,R
317,20251105_prof.nc,35,5905476,192,2025-11-05 11:46:04,-39.9159,103.4179,4.199999809265137,2003.0,1001,ARGO,FR GDAC,R
318,20251105_prof.nc,36,5905512,129,2025-11-05 11:44:06,-42.5809,113.3919,4.400000095367432,1992.4000244140625,995,ARGO,FR GDAC,R
319,20251105_prof.nc,37,2903146,71,2025-11-05 11:32:11,-6.46621,55.66261,0.9200000166893005,2005.9599609375,1008,ARGO,FR GDAC,R
320,20251105_prof.nc,38,5907064,51,2025-11-05 11:24:00,-23.987376666666666,94.24458833333334,3.4000000953674316,1994.199951171875,647,ARGO,FR GDAC,R
321,20251105_prof.nc,39,6903045,177,2025-11-05 11:23:30,-41.32600333333333,76.24584666666667,2.9000000953674316,2021.5999755859375,1023,ARGO,FR GDAC,R
322,20251105_prof.nc,40,5902493,332,2025-11-05 11:14:20,-15.59756,98.74143,0.9200000166893005,2003.43994140625,1008,ARGO,FR GDAC,R
323,20251105_prof.nc,41,3902659,20,2025-11-05 10:42:38,-11.1207,64.8298,4.199999809265137,1977.300048828125,988,ARGO,FR GDAC,R
324,20251105_prof.nc,42,5906625,174,2025-11-05 10:36:08,-46.64802169799805,128.72024536132812,4.449999809265137,1995.8399658203125,997,ARGO,FR GDAC,R
325,20251105_prof.nc,43,5904819,330,2025-11-05 10:16:10,-21.753,77.804,4.199999809265137,1999.699951171875,509,ARGO,FR GDAC,R
326,20251105_prof.nc,44,5902507,328,2025-11-05 09:40:33,-42.74752,143.93044,1.159999966621399,2001.1600341796875,1007,ARGO,FR GDAC,R
327,20251105_prof.nc,45,5905598,43,2025-11-05 08:46:51,-58.72911933333334,136.33082283333334,1.5,1998.9000244140625,1499,ARGO,FR GDAC,R
328,20251105_prof.nc,46,7902141,31,2025-11-05 08:23:35,-40.6452,64.5089,4.400000095367432,1999.1199951171875,499,ARGO,FR GDAC,R
329,20251105_prof.nc,47,1902660,45,2025-11-05 08:12:18,24.752318833333334,62.40832633333333,3.5899999141693115,1423.219970703125,231,ARGO,FR GDAC,R
330,20251105_prof.nc,48,1901760,169,2025-11-05 07:48:06,-28.9001,51.315,4.099999904632568,1999.4300537109375,757,ARGO,FR GDAC,R
331,20251105_prof.nc,49,5905561,62,2025-11-05 07:47:20,-24.964528333333334,84.40015,0.30000001192092896,1987.4000244140625,996,ARGO,FR GDAC,R
332,20251105_prof.nc,50,7902129,34,2025-11-05 06:56:15,-24.3408,78.3165,4.400000095367432,1998.6300048828125,500,ARGO,FR GDAC,R
333,20251105_prof.nc,51,3902557,63,2025-11-05 06:45:55,-59.8954,125.9842,4.400000095367432,1599.6199951171875,496,ARGO,FR GDAC,R
334,20251105_prof.nc,52,1902250,196,2025-11-05 06:32:10,-19.10832,67.5918,1.0800000429153442,2014.1600341796875,1013,ARGO,FR GDAC,R
335,20251105_prof.nc,53,4903028,255,2025-11-05 06:30:49,-20.6802,42.0453,4.400000095367432,1965.0999755859375,982,ARGO,FR GDAC,R
336,20251105_prof.nc,54,6990593,37,2025-11-05 05:59:00,-19.729001666666665,110.024255,4.0,180.8000030517578,135,ARGO,FR GDAC,R
337,20251105_prof.nc,55,4903874,25,2025-11-05 05:58:21,-56.266666666666666,65.48333333333333,25.200000762939453,1984.199951171875,90,ARGO,FR GDAC,R
338,20251105_prof.nc,56,1902202,255,2025-11-05 05:45:27,-10.1997,44.3584,4.300000190734863,1978.300048828125,988,ARGO,FR GDAC,R
339,20251105_prof.nc,57,2902771,227,2025-11-05 05:29:29,3.857,74.399,0.10000000149011612,1976.699951171875,100,ARGO,FR GDAC,R
340,20251105_prof.nc,58,1901771,25,2025-11-05 05:29:20,-24.160466666666668,71.12238333333333,0.30000001192092896,2013.5,1009,ARGO,FR GDAC,R
341,20251105_prof.nc,59,3902280,141,2025-11-05 04:35:38,-14.9317,85.274,4.300000190734863,2001.5,1000,ARGO,FR GDAC,R
342,20251105_prof.nc,60,1902482,90,2025-11-05 04:09:32,4.06414,69.37193,0.4399999976158142,2015.4000244140625,1014,ARGO,FR GDAC,R
343,20251105_prof.nc,61,3902563,35,2025-11-05 03:43:00,-28.128866666666667,89.96735666666666,2.799999952316284,2017.0,497,ARGO,FR GDAC,R
344,20251105_prof.nc,62,1902594,94,2025-11-05 03:18:21,8.6825165,85.75432783333332,3.5299999713897705,1972.699951171875,242,ARGO,FR GDAC,R
345,20251105_prof.nc,63,7902150,18,2025-11-05 02:34:01,-41.9036,136.8926,4.400000095367432,1999.0999755859375,499,ARGO,FR GDAC,R
346,20251105_prof.nc,64,1902693,52,2025-11-05 01:49:41,-12.2694,63.1446,4.099999904632568,1984.0,991,ARGO,FR GDAC,R
347,20251105_prof.nc,65,6904090,132,2025-11-05 01:46:20,-44.52851166666667,74.94193666666666,2.9000000953674316,1995.800048828125,493,ARGO,FR GDAC,R
348,20251105_prof.nc,66,2903870,60,2025-11-05 01:42:06,-55.0609,96.6474,4.400000095367432,999.4199829101562,489,ARGO,FR GDAC,R
349,20251105_prof.nc,67,1901514,512,2025-11-05 01:24:01,1.625,44.637,-0.20000000298023224,-0.20000000298023224,1,ARGO,FR GDAC,R
350,20251105_prof.nc,68,1901919,125,2025-11-05 00:55:25,-20.1695,38.8915,3.5999999046325684,1899.800048828125,57,ARGO,FR GDAC,R
351,20251105_prof.nc,69,1902473,90,2025-11-05 00:44:18,-5.93283,47.84676,1.0,2005.56005859375,1008,ARGO,FR GDAC,R
352,20251105_prof.nc,70,5906661,165,2025-11-05 00:07:49,-22.048049926757812,109.04859161376953,1.8899999856948853,1986.4000244140625,519,ARGO,FR GDAC,R
353,20251106_prof.nc,0,5906261,190,2025-11-06 23:28:27,-42.731,81.269,4.300000190734863,2000.47998046875,509,ARGO,FR GDAC,R
354,20251106_prof.nc,1,5905499,134,2025-11-06 23:20:45,-29.8336,95.9532,4.099999904632568,1999.0999755859375,757,ARGO,FR GDAC,R
355,20251106_prof.nc,2,1902656,36,2025-11-06 22:49:00,-22.300266666666666,69.88245333333333,3.0,2007.699951171875,495,ARGO,FR GDAC,R
356,20251106_prof.nc,3,1902734,67,2025-11-06 22:47:20,21.92868,61.72906833333333,3.299999952316284,2033.699951171875,1016,ARGO,FR GDAC,R
357,20251106_prof.nc,4,4903832,7,2025-11-06 22:47:00,-7.0932,64.5727,2.200000047683716,1948.699951171875,510,ARGO,FR GDAC,R
358,20251106_prof.nc,5,2903436,59,2025-11-06 22:21:33,-45.54117,64.01969,1.0,2015.1600341796875,1013,ARGO,FR GDAC,R
359,20251106_prof.nc,6,6904209,134,2025-11-06 22:06:20,-51.76502333333333,77.90879833333334,11.399999618530273,2016.199951171875,489,ARGO,FR GDAC,R
360,20251106_prof.nc,7,1902254,196,2025-11-06 21:41:57,-27.54251,56.14645,1.0399999618530273,2013.47998046875,1013,ARGO,FR GDAC,R
361,20251106_prof.nc,8,5906627,175,2025-11-06 20:38:02,-47.185072973242896,140.1552967330466,4.150000095367432,1914.1199951171875,956,ARGO,FR GDAC,R
362,20251106_prof.nc,9,6904234,106,2025-11-06 19:40:30,-33.16351,93.368775,3.299999952316284,2020.699951171875,1004,ARGO,FR GDAC,R
363,20251106_prof.nc,10,5904796,332,2025-11-06 19:26:58,-29.7,81.048,3.0,1846.9000244140625,507,ARGO,FR GDAC,R
364,20251106_prof.nc,11,5906638,165,2025-11-06 19:20:44,-40.4462,137.1314,4.199999809265137,1996.8299560546875,755,ARGO,FR GDAC,R
365,20251106_prof.nc,12,7901023,84,2025-11-06 19:08:58,-0.542806,46.84784833333333,3.5399999618530273,1974.8499755859375,242,ARGO,FR GDAC,R
366,20251106_prof.nc,13,2903956,122,2025-11-06 18:53:20,23.536863333333333,59.60680333333333,3.5999999046325684,1013.2000122070312,506,ARGO,FR GDAC,R
367,20251106_prof.nc,14,7900910,173,2025-11-06 18:14:23,-59.071136474609375,121.87608337402344,4.429999828338623,1995.2900390625,997,ARGO,FR GDAC,R
368,20251106_prof.nc,15,1902190,275,2025-11-06 18:10:56,-0.9186,47.1146,4.099999904632568,2015.300048828125,1007,ARGO,FR GDAC,R
369,20251106_prof.nc,16,7900514,251,2025-11-06 17:59:00,-37.115795,94.007305,3.0,1992.199951171875,492,ARGO,FR GDAC,R
370,20251106_prof.nc,17,2902306,56,2025-11-06 17:37:30,19.63542,63.101738,4.139999866485596,1997.449951171875,998,ARGO,FR GDAC,R
371,20251106_prof.nc,18,2903876,37,2025-11-06 17:31:00,-28.023416666666666,46.31641,3.200000047683716,2016.0999755859375,497,ARGO,FR GDAC,R
372,20251106_prof.nc,19,1902760,23,2025-11-06 17:13:55,-2.3718,97.1786,4.0,2005.9000244140625,1002,ARGO,FR GDAC,R
373,20251106_prof.nc,20,5905578,42,2025-11-06 16:44:20,-33.726165,112.367045,0.4000000059604645,2018.9000244140625,1012,ARGO,FR GDAC,R
374,20251106_prof.nc,21,1902477,87,2025-11-06 16:27:30,0.4077,53.55724,1.0,2011.800048828125,1011,ARGO,FR GDAC,R
375,20251106_prof.nc,22,5906234,229,2025-11-06 15:43:10,-43.649,77.649,4.099999904632568,1947.9599609375,508,ARGO,FR GDAC,R
376,20251106_prof.nc,23,2903467,86,2025-11-06 15:28:36,-8.5577,84.7798,2.299999952316284,1949.0,509,ARGO,FR GDAC,R
377,20251106_prof.nc,24,1902479,87,2025-11-06 15:15:12,-4.64517,75.17647,0.4000000059604645,2015.6400146484375,1014,ARGO,FR GDAC,R
378,20251106_prof.nc,25,5906276,192,2025-11-06 15:14:36,-14.42,78.291,4.400000095367432,1998.550048828125,509,ARGO,FR GDAC,R
379,20251106_prof.nc,26,4902655,52,2025-11-06 14:58:00,-38.847923278808594,29.119571685791016,0.30000001192092896,1982.5999755859375,672,ARGO,FR GDAC,R
380,20251106_prof.nc,27,5906279,192,2025-11-06 14:53:46,-16.566,68.4,2.9000000953674316,1998.4599609375,510,ARGO,FR GDAC,R
381,20251106_prof.nc,28,5905615,28,2025-11-06 14:22:43,-57.6551635,127.2457931,0.10000000149011612,4779.10009765625,750,ARGO,FR GDAC,R
382,20251106_prof.nc,29,6990723,23,2025-11-06 14:12:33,-37.1811,40.83014,0.9599999785423279,2003.8399658203125,1007,ARGO,FR GDAC,R
383,20251106_prof.nc,30,7902170,58,2025-11-06 14:11:52,2.020593,87.539246,4.340000152587891,1997.1400146484375,998,ARGO,FR GDAC,R
384,20251106_prof.nc,31,5907082,79,2025-11-06 14:10:11,17.0,85.18333333333334,0.20000000298023224,1984.9000244140625,102,ARGO,FR GDAC,R
385,20251106_prof.nc,32,6990618,66,2025-11-06 14:04:27,-11.516666666666667,76.43333333333334,0.20000000298023224,2004.699951171875,103,ARGO,FR GDAC,R
386,20251106_prof.nc,33,2902203,354,2025-11-06 13:59:11,15.234,66.449,4.5,2000.5999755859375,59,ARGO,FR GDAC,R
387,20251106_prof.nc,34,6990679,35,2025-11-06 13:33:00,-13.560855,69.76809,2.5,1971.5999755859375,91,ARGO,FR GDAC,R
388,20251106_prof.nc,35,2903767,100,2025-11-06 13:07:30,-51.83036833333333,96.99150666666667,3.0,2032.5999755859375,984,ARGO,FR GDAC,R
389,20251106_prof.nc,36,6990630,38,2025-11-06 12:54:20,-27.648898333333335,42.12168333333333,2.9000000953674316,1996.300048828125,493,ARGO,FR GDAC,R
390,20251106_prof.nc,37,1901767,82,2025-11-06 12:50:20,-16.381703333333334,63.72465,0.4000000059604645,2002.800048828125,1004,ARGO,FR GDAC,R
391,20251106_prof.nc,38,2903955,104,2025-11-06 12:46:20,23.366231666666668,59.95373333333333,3.5999999046325684,1996.9000244140625,998,ARGO,FR GDAC,R
392,20251106_prof.nc,39,1902052,196,2025-11-06 12:37:58,-15.12081,93.27109,1.1200000047683716,2005.239990234375,1009,ARGO,FR GDAC,R
393,20251106_prof.nc,40,1901764,169,2025-11-06 12:19:20,-40.1394,68.5539,4.199999809265137,1997.6500244140625,756,ARGO,FR GDAC,R
394,20251106_prof.nc,41,5906145,193,2025-11-06 12:09:15,-36.1866,92.32022,1.0,2009.0799560546875,1011,ARGO,FR GDAC,R
395,20251106_prof.nc,42,6990616,67,2025-11-06 11:44:16,-8.083333333333334,71.75,0.0,1887.300048828125,98,ARGO,FR GDAC,R
396,20251106_prof.nc,43,7902179,46,2025-11-06 11:38:41,-44.38575266666667,25.942189833333334,3.549999952316284,1969.3900146484375,242,ARGO,FR GDAC,R
397,20251106_prof.nc,44,3902490,84,2025-11-06 11:05:08,0.3364308333333333,70.07399333333333,3.5,1973.6600341796875,242,ARGO,FR GDAC,R
398,20251106_prof.nc,45,7900936,139,2025-11-06 10:38:32,-60.14161682128906,132.148681640625,4.25,1989.199951171875,994,ARGO,FR GDAC,R
399,20251106_prof.nc,46,7900914,183,2025-11-06 09:24:04,-58.306846618652344,141.98513793945312,,,0,ARGO,FR GDAC,R
400,20251106_prof.nc,47,5905770,261,2025-11-06 08:28:51,-26.08756,101.09041,0.8799999952316284,2003.760009765625,1008,ARGO,FR GDAC,R
401,20251106_prof.nc,48,4902628,109,2025-11-06 08:21:00,-47.74637985229492,36.075721740722656,0.5,1971.9000244140625,245,ARGO,FR GDAC,R
402,20251106_prof.nc,49,1901768,62,2025-11-06 07:43:20,-25.475065,77.14132,0.20000000298023224,2025.0,1015,ARGO,FR GDAC,R
403,20251106_prof.nc,50,1902252,196,2025-11-06 07:00:15,-25.45938,76.72022,1.0,2001.5999755859375,1007,ARGO,FR GDAC,R
404,20251106_prof.nc,51,1902480,94,2025-11-06 06:59:43,-44.54067,81.82288,1.0399999618530273,2015.1600341796875,1013,ARGO,FR GDAC,R
405,20251106_prof.nc,52,5907141,105,2025-11-06 06:38:20,24.794358333333335,58.75647,3.799999952316284,1609.0999755859375,804,ARGO,FR GDAC,R
406,20251106_prof.nc,53,1902253,196,2025-11-06 05:36:08,-21.53563,72.34708,1.0,2005.56005859375,1009,ARGO,FR GDAC,R
407,20251106_prof.nc,54,5905520,114,2025-11-06 05:26:00,-13.964,105.7595,2.9000000953674316,1955.800048828125,978,ARGO,FR GDAC,R
408,20251106_prof.nc,55,7901002,99,2025-11-06 05:02:30,-48.81999,65.121035,2.9000000953674316,1842.699951171875,976,ARGO,FR GDAC,R
409,20251106_prof.nc,56,1902622,26,2025-11-06 04:44:58,-20.45076,94.37142,1.0399999618530273,2019.280029296875,1016,ARGO,FR GDAC,R
410,20251106_prof.nc,57,2903136,107,2025-11-06 04:32:09,-3.92545,87.22078,0.9200000166893005,2006.8800048828125,1008,ARGO,FR GDAC,R
411,20251106_prof.nc,58,1902623,28,2025-11-06 04:20:00,-7.9249,98.91878,1.0,2003.280029296875,1008,ARGO,FR GDAC,R
412,20251106_prof.nc,59,5905245,297,2025-11-06 03:56:28,-57.89361,36.42189,1.0399999618530273,2001.3599853515625,1007,ARGO,FR GDAC,R
413,20251106_prof.nc,60,2903875,35,2025-11-06 03:45:00,-24.453093333333335,102.196805,3.0,2022.5,498,ARGO,FR GDAC,R
414,20251106_prof.nc,61,1902456,92,2025-11-06 03:38:07,-24.9325,51.8923,2.4000000953674316,1949.4000244140625,510,ARGO,FR GDAC,R
415,20251106_prof.nc,62,5905871,146,2025-11-06 03:38:04,-57.753,144.602,4.300000190734863,2017.300048828125,1008,ARGO,FR GDAC,R
416,20251106_prof.nc,63,1902448,118,2025-11-06 03:25:53,-44.98372,61.67362,1.0,2012.1600341796875,1011,ARGO,FR GDAC,R
417,20251106_prof.nc,64,5906539,111,2025-11-06 02:37:43,-11.6332,75.2141,2.299999952316284,1749.5,505,ARGO,FR GDAC,R
418,20251106_prof.nc,65,4903839,105,2025-11-06 02:25:20,25.14465,57.253515,3.299999952316284,1321.0,660,ARGO,FR GDAC,R
419,20251106_prof.nc,66,7902123,36,2025-11-06 01:34:54,-20.6533,43.2665,4.400000095367432,1897.4100341796875,498,ARGO,FR GDAC,R
420,20251106_prof.nc,67,6904092,136,2025-11-06 00:46:20,-52.89409,50.758875,2.700000047683716,2033.0999755859375,500,ARGO,FR GDAC,R
421,20251107_prof.nc,0,5906636,186,2025-11-07 23:33:00,-42.98189333333333,132.36649666666665,0.5,2001.5999755859375,391,ARGO,FR GDAC,R
422,20251107_prof.nc,1,1902296,183,2025-11-07 23:13:12,-49.11054,78.61567,1.0399999618530273,2009.199951171875,1010,ARGO,FR GDAC,R
423,20251107_prof.nc,2,5905098,314,2025-11-07 23:04:17,-47.125,45.426,4.199999809265137,1996.300048828125,510,ARGO,FR GDAC,R
424,20251107_prof.nc,3,4903796,51,2025-11-07 22:38:42,-4.9786,66.0764,4.099999904632568,1999.5,999,ARGO,FR GDAC,R
425,20251107_prof.nc,4,7902297,23,2025-11-07 21:56:35,-42.33001,42.0602,1.0399999618530273,2005.3199462890625,1008,ARGO,FR GDAC,R
426,20251107_prof.nc,5,2903141,107,2025-11-07 21:10:36,-4.58447,74.22107,1.0,2017.4000244140625,1014,ARGO,FR GDAC,R
427,20251107_prof.nc,6,1902571,111,2025-11-07 20:40:20,-28.87871,36.420135,2.9000000953674316,2032.5999755859375,1005,ARGO,FR GDAC,R
428,20251107_prof.nc,7,2903864,59,2025-11-07 20:26:39,-43.1461,112.8852,4.199999809265137,1599.8800048828125,496,ARGO,FR GDAC,R
429,20251107_prof.nc,8,5906147,193,2025-11-07 20:16:12,-42.42418,114.18866,1.0,2003.4000244140625,1008,ARGO,FR GDAC,R
430,20251107_prof.nc,9,7902124,36,2025-11-07 20:03:27,-38.7007,23.8704,4.300000190734863,1899.4300537109375,498,ARGO,FR GDAC,R
431,20251107_prof.nc,10,1902223,246,2025-11-07 19:54:52,-60.13987,126.60123,1.1200000047683716,2006.0400390625,1008,ARGO,FR GDAC,R
432,20251107_prof.nc,11,1902757,52,2025-11-07 19:41:30,21.467683333333333,62.08071833333333,3.299999952316284,1993.0999755859375,996,ARGO,FR GDAC,R
433,20251107_prof.nc,12,5905425,256,2025-11-07 19:25:01,-23.2123,97.2979,4.300000190734863,2000.0999755859375,999,ARGO,FR GDAC,R
434,20251107_prof.nc,13,5906291,191,2025-11-07 19:05:01,-30.536,87.363,4.099999904632568,1998.300048828125,509,ARGO,FR GDAC,R
435,20251107_prof.nc,14,1902334,215,2025-11-07 19:00:01,-19.28,49.233,4.199999809265137,1975.300048828125,987,ARGO,FR GDAC,R
436,20251107_prof.nc,15,5905564,55,2025-11-07 18:48:20,-50.093935,83.23301333333333,1.2000000476837158,1974.5,984,ARGO,FR GDAC,R
437,20251107_prof.nc,16,5906971,115,2025-11-07 18:47:02,-42.623438500000006,71.29909083333334,3.490000009536743,1974.18994140625,242,ARGO,FR GDAC,R
438,20251107_prof.nc,17,7900512,251,2025-11-07 17:44:00,-45.40555166666667,125.73690666666667,2.9000000953674316,2017.5999755859375,497,ARGO,FR GDAC,R
439,20251107_prof.nc,18,1902196,270,2025-11-07 17:39:50,-3.8879,68.072,0.0,1996.530029296875,29,ARGO,FR GDAC,R
440,20251107_prof.nc,19,7901003,114,2025-11-07 14:47:40,-9.706073333333334,43.504978333333334,0.30000001192092896,1997.9000244140625,1006,ARGO,FR GDAC,R
441,20251107_prof.nc,20,4903775,79,2025-11-07 14:11:24,12.216666666666667,89.58333333333333,0.4000000059604645,1986.800048828125,102,ARGO,FR GDAC,R
442,20251107_prof.nc,21,1902669,79,2025-11-07 14:10:55,14.583333333333334,86.6,0.20000000298023224,1978.4000244140625,102,ARGO,FR GDAC,R
443,20251107_prof.nc,22,5907083,79,2025-11-07 14:08:35,12.3,86.9,0.4000000059604645,1986.699951171875,102,ARGO,FR GDAC,R
444,20251107_prof.nc,23,2903465,89,2025-11-07 14:01:14,-4.0845,87.8308,2.0,2002.0,511,ARGO,FR GDAC,R
445,20251107_prof.nc,24,1902671,77,2025-11-07 13:59:13,17.733333333333334,70.16666666666667,0.4000000059604645,2002.300048828125,103,ARGO,FR GDAC,R
446,20251107_prof.nc,25,5905213,292,2025-11-07 13:48:48,-14.6773,117.9348,4.400000095367432,1998.0,998,ARGO,FR GDAC,R
447,20251107_prof.nc,26,1902675,67,2025-11-07 13:42:37,-8.116666666666667,66.2,0.30000001192092896,2000.9000244140625,103,ARGO,FR GDAC,R
448,20251107_prof.nc,27,2903951,32,2025-11-07 13:31:00,-4.6231349999999996,81.23438833333333,2.5,1961.0,91,ARGO,FR GDAC,R
449,20251107_prof.nc,28,3902554,78,2025-11-07 13:25:03,-34.362,47.4772,4.5,1699.0799560546875,497,ARGO,FR GDAC,R
450,20251107_prof.nc,29,5905544,99,2025-11-07 12:43:20,-35.400995,102.07318,0.4000000059604645,2021.699951171875,1013,ARGO,FR GDAC,R
451,20251107_prof.nc,30,5905543,99,2025-11-07 12:43:20,-34.762058333333336,100.86537666666666,1.399999976158142,1967.300048828125,985,ARGO,FR GDAC,R
452,20251107_prof.nc,31,2903831,34,2025-11-07 12:42:39,16.13491,89.11064,0.9200000166893005,2004.0400390625,1008,ARGO,FR GDAC,R
453,20251107_prof.nc,32,5905418,260,2025-11-07 12:34:00,-11.047043333333333,99.587925,0.30000001192092896,1964.699951171875,985,ARGO,FR GDAC,R
454,20251107_prof.nc,33,5905517,146,2025-11-07 11:56:43,-19.7654,114.9946,4.099999904632568,1263.5999755859375,631,ARGO,FR GDAC,R
455,20251107_prof.nc,34,1901897,273,2025-11-07 11:40:08,18.007,63.8455,23.600000381469727,2002.199951171875,54,ARGO,FR GDAC,R
456,20251107_prof.nc,35,2903865,59,2025-11-07 11:32:55,-48.8493,120.0992,4.300000190734863,1899.719970703125,497,ARGO,FR GDAC,R
457,20251107_prof.nc,36,7901024,83,2025-11-07 11:04:19,-42.5292,55.6797,4.329999923706055,1987.4000244140625,545,ARGO,FR GDAC,R
458,20251107_prof.nc,37,6904211,133,2025-11-07 10:40:20,-37.372375,45.20444,2.9000000953674316,2032.0999755859375,500,ARGO,FR GDAC,R
459,20251107_prof.nc,38,1902338,215,2025-11-07 10:33:13,-47.065,121.822,4.199999809265137,1991.4000244140625,995,ARGO,FR GDAC,R
460,20251107_prof.nc,39,7901013,119,2025-11-07 09:48:00,-11.569943333333333,44.61863833333334,2.799999952316284,1976.5,1007,ARGO,FR GDAC,R
461,20251107_prof.nc,40,5906266,192,2025-11-07 09:01:58,-10.42,92.221,4.300000190734863,1997.050048828125,510,ARGO,FR GDAC,R
462,20251107_prof.nc,41,2903869,79,2025-11-07 09:00:58,-30.7591,39.1799,4.5,1500.1500244140625,494,ARGO,FR GDAC,R
463,20251107_prof.nc,42,5907066,34,2025-11-07 08:45:00,-39.319136666666665,20.10698,3.0,1995.800048828125,493,ARGO,FR GDAC,R
464,20251107_prof.nc,43,1902650,61,2025-11-07 08:39:55,-56.5169,93.5538,4.099999904632568,1600.52001953125,495,ARGO,FR GDAC,R
465,20251107_prof.nc,44,1902251,196,2025-11-07 08:07:51,-22.17138,53.816,0.9599999785423279,2005.6400146484375,1009,ARGO,FR GDAC,R
466,20251107_prof.nc,45,4903821,15,2025-11-07 07:36:00,-38.07823166666667,34.589326666666665,3.0999999046325684,2012.5,496,ARGO,FR GDAC,R
467,20251107_prof.nc,46,5907052,60,2025-11-07 07:33:44,-54.1866,103.0952,4.199999809265137,1899.2900390625,498,ARGO,FR GDAC,R
468,20251107_prof.nc,47,7902126,35,2025-11-07 07:27:35,-24.4117,56.5548,4.300000190734863,1799.0799560546875,497,ARGO,FR GDAC,R
469,20251107_prof.nc,48,3901568,136,2025-11-07 07:14:41,-46.2091,39.6302,2.4000000953674316,1990.75,547,ARGO,FR GDAC,R
470,20251107_prof.nc,49,1902288,47,2025-11-07 06:36:26,-2.5753,69.4385,4.099999904632568,1966.300048828125,982,ARGO,FR GDAC,R
471,20251107_prof.nc,50,4903875,25,2025-11-07 05:59:03,-46.25,65.6,0.4000000059604645,888.2000122070312,58,ARGO,FR GDAC,R
472,20251107_prof.nc,51,4903645,132,2025-11-07 05:47:00,-12.154243333333334,117.81038833333334,5.800000190734863,1987.800048828125,96,ARGO,FR GDAC,R
473,20251107_prof.nc,52,2903872,63,2025-11-07 05:46:02,-57.4657,122.5663,4.400000095367432,1699.8900146484375,496,ARGO,FR GDAC,R
474,20251107_prof.nc,53,7900554,215,2025-11-07 05:43:20,-57.56987,47.92551,3.200000047683716,2012.300048828125,496,ARGO,FR GDAC,R
475,20251107_prof.nc,54,6903150,117,2025-11-07 05:41:20,-0.7345433333333333,80.87178333333334,3.200000047683716,1992.800048828125,994,ARGO,FR GDAC,R
476,20251107_prof.nc,55,1901772,25,2025-11-07 05:39:20,-23.822948333333333,60.33297,0.30000001192092896,2061.199951171875,1031,ARGO,FR GDAC,R
477,20251107_prof.nc,56,5906538,109,2025-11-07 04:51:13,-28.7425,50.3742,2.4000000953674316,1797.5,506,ARGO,FR GDAC,R
478,20251107_prof.nc,57,5906969,118,2025-11-07 04:50:00,-7.457773333333333,41.709765,3.0999999046325684,1991.0,998,ARGO,FR GDAC,R
479,20251107_prof.nc,58,7902300,17,2025-11-07 04:04:21,-39.79567,30.57112,1.0,2009.3199462890625,1010,ARGO,FR GDAC,R
480,20251107_prof.nc,59,5906398,204,2025-11-07 02:48:32,-38.51269,106.39026,1.0,4524.39990234375,506,ARGO,FR GDAC,R
481,20251107_prof.nc,60,1902037,252,2025-11-07 02:13:10,-52.25033,96.91243,1.0399999618530273,2005.3199462890625,1009,ARGO,FR GDAC,R
482,20251107_prof.nc,61,1902047,252,2025-11-07 02:02:16,-32.07308,52.33489,1.0399999618530273,2005.6400146484375,1009,ARGO,FR GDAC,R
483,20251107_prof.nc,62,5907192,21,2025-11-07 01:59:22,-24.70544,69.17546,1287.9000244140625,2007.0999755859375,30,ARGO,FR GDAC,R
484,20251107_prof.nc,63,1902045,252,2025-11-07 01:11:17,-58.07734,131.52846,1.0,2007.47998046875,1010,ARGO,FR GDAC,R
485,20251107_prof.nc,64,5907180,26,2025-11-07 01:05:26,16.833333333333332,70.15,0.4000000059604645,2009.5999755859375,103,ARGO,FR GDAC,R
486,20251107_prof.nc,65,6990594,34,2025-11-07 00:49:00,-32.45077833333333,45.32835166666667,2.799999952316284,1493.0,392,ARGO,FR GDAC,R
487,20251107_prof.nc,66,7902201,51,2025-11-07 00:44:34,-4.3185,61.9388,4.199999809265137,2036.0,1017,ARGO,FR GDAC,R
488,20251107_prof.nc,67,7902298,23,2025-11-07 00:27:28,-42.34386,35.67662,1.0399999618530273,2011.0400390625,1010,ARGO,FR GDAC,R
489,20251107_prof.nc,68,5905424,256,2025-11-07 00:14:58,-20.2153,85.7263,4.5,1784.4000244140625,891,ARGO,FR GDAC,R
490,20251108_prof.nc,0,3902257,61,2025-11-08 22:41:16,-32.96946,84.3038,1.159999966621399,2005.760009765625,1008,ARGO,FR GDAC,R
491,20251108_prof.nc,1,1902756,25,2025-11-08 22:26:20,14.990193333333334,53.84822833333333,3.5999999046325684,2021.0999755859375,1010,ARGO,FR GDAC,R
492,20251108_prof.nc,2,6903777,209,2025-11-08 21:51:30,-51.43848,144.76915833333334,3.700000047683716,2011.699951171875,162,ARGO,FR GDAC,R
493,20251108_prof.nc,3,2903147,72,2025-11-08 21:09:55,13.54072,60.67631,0.47999998927116394,2007.8800048828125,1010,ARGO,FR GDAC,R
494,20251108_prof.nc,4,2903956,123,2025-11-08 20:55:20,23.584026666666666,59.75586666666667,3.5999999046325684,995.9000244140625,497,ARGO,FR GDAC,R
495,20251108_prof.nc,5,1902050,197,2025-11-08 19:52:10,-16.49538,104.57676,1.0,2004.9599609375,1008,ARGO,FR GDAC,R
496,20251108_prof.nc,6,5905473,193,2025-11-08 19:23:18,-32.3666,97.5908,4.199999809265137,2001.0699462890625,755,ARGO,FR GDAC,R
497,20251108_prof.nc,7,5904816,332,2025-11-08 18:53:44,-32.127,99.513,3.0,1746.800048828125,504,ARGO,FR GDAC,R
498,20251108_prof.nc,8,5905196,310,2025-11-08 18:43:53,-38.5346,127.3424,4.300000190734863,2000.510009765625,947,ARGO,FR GDAC,R
499,20251108_prof.nc,9,5905591,31,2025-11-08 18:18:20,-60.486958333333334,139.35252333333332,0.20000000298023224,2003.699951171875,1004,ARGO,FR GDAC,R
500,20251108_prof.nc,10,4902620,113,2025-11-08 17:40:00,-24.277559280395508,48.008941650390625,0.5,2001.5,246,ARGO,FR GDAC,R
501,20251108_prof.nc,11,5907141,106,2025-11-08 16:50:20,24.45114166666667,58.422916666666666,3.5,2026.5999755859375,1013,ARGO,FR GDAC,R
502,20251108_prof.nc,12,5906988,68,2025-11-08 16:49:20,-41.09193333333333,50.70276166666667,3.299999952316284,2016.300048828125,497,ARGO,FR GDAC,R
503,20251108_prof.nc,13,1901928,182,2025-11-08 16:45:51,-58.1089,51.7342,2.4000000953674316,1991.0699462890625,571,ARGO,FR GDAC,R
504,20251108_prof.nc,14,1901912,238,2025-11-08 16:19:49,-33.6561,51.8597,4.099999904632568,1988.5999755859375,58,ARGO,FR GDAC,R
505,20251108_prof.nc,15,1901843,331,2025-11-08 15:56:14,-16.6898,57.53654,1.0800000429153442,2007.3599853515625,1010,ARGO,FR GDAC,R
506,20251108_prof.nc,16,1902281,183,2025-11-08 15:24:12,-51.68387,109.54593,1.3200000524520874,2005.760009765625,1008,ARGO,FR GDAC,R
507,20251108_prof.nc,17,5906253,193,2025-11-08 15:23:47,-22.962,81.429,4.400000095367432,1998.3499755859375,509,ARGO,FR GDAC,R
508,20251108_prof.nc,18,2903955,105,2025-11-08 14:47:20,23.177026666666666,59.78214,3.4000000953674316,1998.5999755859375,999,ARGO,FR GDAC,R
509,20251108_prof.nc,19,5905615,29,2025-11-08 14:22:45,-57.6701846,127.5436984,0.10000000149011612,4776.5,759,ARGO,FR GDAC,R
510,20251108_prof.nc,20,5905398,278,2025-11-08 14:13:27,-41.2943,123.7678,4.099999904632568,2002.300048828125,1000,ARGO,FR GDAC,R
511,20251108_prof.nc,21,7901125,79,2025-11-08 14:13:22,13.25,90.56666666666666,0.30000001192092896,1986.199951171875,102,ARGO,FR GDAC,R
512,20251108_prof.nc,22,1902306,132,2025-11-08 14:13:04,-33.46311,55.55958,1.0399999618530273,2012.5999755859375,1011,ARGO,FR GDAC,R
513,20251108_prof.nc,23,5907084,77,2025-11-08 14:08:25,19.033333333333335,64.71666666666667,185.1999969482422,2011.5,75,ARGO,FR GDAC,R
514,20251108_prof.nc,24,1902672,77,2025-11-08 14:07:04,18.133333333333333,68.95,0.20000000298023224,1963.199951171875,101,ARGO,FR GDAC,R
515,20251108_prof.nc,25,2903953,32,2025-11-08 14:04:52,-1.9666666666666668,77.51666666666667,0.20000000298023224,1612.5,87,ARGO,FR GDAC,R
516,20251108_prof.nc,26,7901128,77,2025-11-08 14:04:17,17.34099,64.71471,0.30000001192092896,2003.9000244140625,103,ARGO,FR GDAC,R
517,20251108_prof.nc,27,6990610,77,2025-11-08 14:00:25,22.0,62.31666666666667,0.20000000298023224,863.0,56,ARGO,FR GDAC,R
518,20251108_prof.nc,28,4903838,32,2025-11-08 13:56:57,-2.2666666666666666,69.48333333333333,0.20000000298023224,1984.300048828125,102,ARGO,FR GDAC,R
519,20251108_prof.nc,29,6904138,150,2025-11-08 13:47:20,-35.91984,29.099933333333333,2.799999952316284,2015.800048828125,497,ARGO,FR GDAC,R
520,20251108_prof.nc,30,5905587,32,2025-11-08 13:45:20,-46.48327333333334,144.224335,0.20000000298023224,2033.4000244140625,1019,ARGO,FR GDAC,R
521,20251108_prof.nc,31,7900565,174,2025-11-08 13:24:20,-52.88467166666667,37.18531333333333,3.200000047683716,2021.199951171875,498,ARGO,FR GDAC,R
522,20251108_prof.nc,32,5906540,112,2025-11-08 12:41:46,-11.8452,47.9846,2.5,1802.5,507,ARGO,FR GDAC,R
523,20251108_prof.nc,33,1902291,48,2025-11-08 12:11:28,-0.1378,87.5344,4.0,2002.199951171875,1000,ARGO,FR GDAC,R
524,20251108_prof.nc,34,5906987,67,2025-11-08 11:49:20,-53.73503,54.733311666666665,3.0,2027.0,499,ARGO,FR GDAC,R
525,20251108_prof.nc,35,7902178,49,2025-11-08 11:34:39,-47.010967,33.3211095,3.569999933242798,2001.8299560546875,243,ARGO,FR GDAC,R
526,20251108_prof.nc,36,7902177,47,2025-11-08 11:34:39,-44.36177016666667,25.71661783333333,3.5999999046325684,1963.6199951171875,242,ARGO,FR GDAC,R
527,20251108_prof.nc,37,7901112,50,2025-11-08 11:31:00,-23.969048333333333,80.89075666666666,3.5,1981.199951171875,646,ARGO,FR GDAC,R
528,20251108_prof.nc,38,7900540,173,2025-11-08 11:29:20,-48.71368,31.085518333333333,3.299999952316284,1971.300048828125,487,ARGO,FR GDAC,R
529,20251108_prof.nc,39,1902442,132,2025-11-08 11:24:23,-48.26259,123.14,1.0399999618530273,2017.8399658203125,1014,ARGO,FR GDAC,R
530,20251108_prof.nc,40,1902035,330,2025-11-08 10:56:08,-31.54942,70.43581,1.0399999618530273,2005.3199462890625,1009,ARGO,FR GDAC,R
531,20251108_prof.nc,41,1902581,85,2025-11-08 10:49:30,-1.2120516666666667,73.08287666666666,3.0999999046325684,1986.300048828125,1008,ARGO,FR GDAC,R
532,20251108_prof.nc,42,5902487,332,2025-11-08 09:26:22,-20.96448,102.51162,1.0800000429153442,2003.1600341796875,1008,ARGO,FR GDAC,R
533,20251108_prof.nc,43,6904080,137,2025-11-08 09:25:20,-51.555326666666666,28.34025,3.700000047683716,2027.199951171875,498,ARGO,FR GDAC,R
534,20251108_prof.nc,44,5905212,292,2025-11-08 09:20:45,-9.5937,100.2931,4.099999904632568,1997.0899658203125,946,ARGO,FR GDAC,R
535,20251108_prof.nc,45,7902200,47,2025-11-08 09:08:52,5.766035,66.772408,4.150000095367432,1995.68994140625,997,ARGO,FR GDAC,R
536,20251108_prof.nc,46,1902681,58,2025-11-08 08:55:00,11.580933333333334,85.07144,2.799999952316284,2018.4000244140625,527,ARGO,FR GDAC,R
537,20251108_prof.nc,47,5907065,34,2025-11-08 08:48:00,-40.163305,50.345526666666665,2.9000000953674316,2029.199951171875,498,ARGO,FR GDAC,R
538,20251108_prof.nc,48,7902130,34,2025-11-08 08:04:07,-23.9271,82.9709,4.300000190734863,1999.7099609375,499,ARGO,FR GDAC,R
539,20251108_prof.nc,49,6990504,112,2025-11-08 07:55:15,-1.5779808333333336,71.78078066666667,3.4600000381469727,1965.2900390625,242,ARGO,FR GDAC,R
540,20251108_prof.nc,50,1901769,62,2025-11-08 07:53:20,-22.253758333333334,49.74071333333333,0.20000000298023224,2031.300048828125,1018,ARGO,FR GDAC,R
541,20251108_prof.nc,51,1902294,182,2025-11-08 07:52:25,-58.34486,60.97963,1.0,2013.6400146484375,1012,ARGO,FR GDAC,R
542,20251108_prof.nc,52,7902217,15,2025-11-08 07:46:00,-38.907738333333334,35.077075,3.0,2035.0999755859375,500,ARGO,FR GDAC,R
543,20251108_prof.nc,53,1902046,252,2025-11-08 07:34:58,-42.41938,71.17792,1.1200000047683716,2003.9200439453125,1008,ARGO,FR GDAC,R
544,20251108_prof.nc,54,5906257,192,2025-11-08 07:34:08,-24.86,82.015,4.300000190734863,2000.4200439453125,509,ARGO,FR GDAC,R
545,20251108_prof.nc,55,2902833,142,2025-11-08 07:29:44,-47.658,39.355,0.30000001192092896,1986.5,209,ARGO,FR GDAC,R
546,20251108_prof.nc,56,4903820,15,2025-11-08 07:21:00,-39.01673,22.212715,2.9000000953674316,2001.800048828125,494,ARGO,FR GDAC,R
547,20251108_prof.nc,57,1902031,330,2025-11-08 07:17:01,-37.57557,50.87717,1.0800000429153442,2014.239990234375,1013,ARGO,FR GDAC,R
548,20251108_prof.nc,58,2902832,142,2025-11-08 07:09:19,-39.585,47.394,0.30000001192092896,2006.300048828125,211,ARGO,FR GDAC,R
549,20251108_prof.nc,59,5905605,19,2025-11-08 06:46:20,-43.116215,141.176865,0.30000001192092896,1995.5999755859375,1000,ARGO,FR GDAC,R
550,20251108_prof.nc,60,7900941,102,2025-11-08 05:41:20,-57.73889,78.73417,1.600000023841858,1683.800048828125,843,ARGO,FR GDAC,R
551,20251108_prof.nc,61,6904118,220,2025-11-08 05:38:18,-48.11112,85.08269,2.690000057220459,1995.6199951171875,709,ARGO,FR GDAC,R
552,20251108_prof.nc,62,2903148,71,2025-11-08 05:18:12,-4.6122,76.27776,1.0800000429153442,2007.52001953125,1009,ARGO,FR GDAC,R
553,20251108_prof.nc,63,2902272,239,2025-11-08 05:03:14,21.328669,62.308208,4.230000019073486,1977.2099609375,988,ARGO,FR GDAC,R
554,20251108_prof.nc,64,5906287,190,2025-11-08 05:01:41,-33.265,102.042,4.300000190734863,1998.199951171875,509,ARGO,FR GDAC,R
555,20251108_prof.nc,65,1902264,195,2025-11-08 04:46:24,-43.0111,96.84911,1.0,2008.280029296875,1010,ARGO,FR GDAC,R
556,20251108_prof.nc,66,1902029,330,2025-11-08 04:38:01,-45.91113,73.28938,1.1200000047683716,2001.8399658203125,1007,ARGO,FR GDAC,R
557,20251108_prof.nc,67,4902654,59,2025-11-08 04:07:00,-43.147789001464844,29.219289779663086,0.20000000298023224,1995.5999755859375,672,ARGO,FR GDAC,R
558,20251108_prof.nc,68,4903839,106,2025-11-08 03:43:20,25.100505,57.14127333333333,3.299999952316284,1224.9000244140625,612,ARGO,FR GDAC,R
559,20251108_prof.nc,69,2903437,59,2025-11-08 03:24:16,-36.48748,57.535,1.0800000429153442,2009.43994140625,1010,ARGO,FR GDAC,R
560,20251108_prof.nc,70,5906641,164,2025-11-08 02:53:57,-49.2514,140.6617,4.300000190734863,1961.9000244140625,980,ARGO,FR GDAC,R
561,20251108_prof.nc,71,4903793,40,2025-11-08 02:35:20,6.70236,92.12593333333334,3.0,2005.199951171875,494,ARGO,FR GDAC,R
562,20251108_prof.nc,72,2903468,84,2025-11-08 02:22:51,-20.5895,92.4905,2.299999952316284,1949.800048828125,510,ARGO,FR GDAC,R
563,20251108_prof.nc,73,5904810,327,2025-11-08 02:14:03,-40.113,100.031,2.299999952316284,1897.9000244140625,508,ARGO,FR GDAC,R
564,20251108_prof.nc,74,3902473,82,2025-11-08 02:01:30,-1.7140983333333333,83.19986333333334,3.0,2032.199951171875,1013,ARGO,FR GDAC,R
565,20251108_prof.nc,75,6903128,143,2025-11-08 01:07:00,-56.02795666666667,57.08817333333333,5.5,990.0,110,ARGO,FR GDAC,R
566,20251108_prof.nc,76,7901004,107,2025-11-08 00:53:30,-26.978565,48.827151666666666,3.0999999046325684,2001.199951171875,1014,ARGO,FR GDAC,R
567,20251108_prof.nc,77,3901992,249,2025-11-08 00:41:20,-53.06541166666667,93.15560666666667,3.0999999046325684,2007.5,600,ARGO,FR GDAC,R
568,20251108_prof.nc,78,5907167,20,2025-11-08 00:04:20,14.917795,69.57439833333333,3.5999999046325684,2029.300048828125,1013,ARGO,FR GDAC,R
569,20251108_prof.nc,79,1902755,20,2025-11-08 00:04:20,14.917795,69.57439833333333,3.5999999046325684,2029.300048828125,1013,ARGO,FR GDAC,R
570,20251109_prof.nc,0,1902488,80,2025-11-09 23:52:18,-41.22446,77.17272,0.4399999976158142,2005.760009765625,1009,ARGO,FR GDAC,R
571,20251109_prof.nc,1,5905531,129,2025-11-09 23:33:00,-29.383601666666667,112.78217333333333,0.5,1972.9000244140625,245,ARGO,FR GDAC,R
572,20251109_prof.nc,2,1902734,68,2025-11-09 22:47:20,22.031551666666665,61.789698333333334,3.4000000953674316,1997.5999755859375,998,ARGO,FR GDAC,R
573,20251109_prof.nc,3,1902478,95,2025-11-09 22:25:52,-31.38428,32.44979,1.0,2015.47998046875,1013,ARGO,FR GDAC,R
574,20251109_prof.nc,4,5905459,212,2025-11-09 21:54:43,-31.3682,60.3641,4.199999809265137,1948.6199951171875,947,ARGO,FR GDAC,R
575,20251109_prof.nc,5,7902127,35,2025-11-09 20:36:28,-25.3419,62.8037,4.5,1997.5799560546875,500,ARGO,FR GDAC,R
576,20251109_prof.nc,6,1902751,110,2025-11-09 20:32:34,20.872899999999998,62.95018433333333,3.5399999618530273,1968.6500244140625,242,ARGO,FR GDAC,R
577,20251109_prof.nc,7,1902761,23,2025-11-09 20:20:18,-7.095,88.3888,2.9000000953674316,2002.0999755859375,1001,ARGO,FR GDAC,R
578,20251109_prof.nc,8,3902657,53,2025-11-09 19:56:00,21.19742,60.21807166666667,3.700000047683716,2023.199951171875,1010,ARGO,FR GDAC,R
579,20251109_prof.nc,9,4903745,81,2025-11-09 19:22:57,-33.087,79.7682,4.400000095367432,1599.1500244140625,496,ARGO,FR GDAC,R
580,20251109_prof.nc,10,7900511,252,2025-11-09 19:14:00,-45.35268333333333,99.36380666666666,3.0,1980.9000244140625,490,ARGO,FR GDAC,R
581,20251109_prof.nc,11,1902038,252,2025-11-09 18:26:54,-25.86478,55.14993,1.0,2001.5999755859375,1007,ARGO,FR GDAC,R
582,20251109_prof.nc,12,2903149,72,2025-11-09 18:15:12,10.00423,59.65811,1.0,2011.3599853515625,1011,ARGO,FR GDAC,R
583,20251109_prof.nc,13,2903473,76,2025-11-09 17:52:02,-45.2305,24.876,4.300000190734863,1601.469970703125,496,ARGO,FR GDAC,R
584,20251109_prof.nc,14,2902766,217,2025-11-09 17:41:44,16.217,88.134,0.4000000059604645,1986.5999755859375,99,ARGO,FR GDAC,R
585,20251109_prof.nc,15,1902657,37,2025-11-09 17:38:00,-23.858651666666667,57.33294166666667,3.0999999046325684,2021.5999755859375,498,ARGO,FR GDAC,R
586,20251109_prof.nc,16,5906396,198,2025-11-09 17:11:55,-37.40113,110.32116,1.0,4831.2001953125,522,ARGO,FR GDAC,R
587,20251109_prof.nc,17,5906501,132,2025-11-09 17:10:52,-45.85,90.903,4.099999904632568,1599.6500244140625,495,ARGO,FR GDAC,R
588,20251109_prof.nc,18,6904068,179,2025-11-09 17:03:20,-62.0573616535433,52.77520448818898,2.9000000953674316,2008.300048828125,495,ARGO,FR GDAC,R
589,20251109_prof.nc,19,3902497,68,2025-11-09 16:49:20,-45.00207666666667,74.59577833333333,3.0,2008.0999755859375,495,ARGO,FR GDAC,R
590,20251109_prof.nc,20,6990505,117,2025-11-09 16:29:54,-18.62125166666667,37.84459183333333,3.509999990463257,1517.3199462890625,233,ARGO,FR GDAC,R
591,20251109_prof.nc,21,1902417,132,2025-11-09 16:20:54,-26.34697,38.16059,1.0,2011.4000244140625,1011,ARGO,FR GDAC,R
592,20251109_prof.nc,22,2903435,63,2025-11-09 16:19:39,0.27551,94.31388,1.5199999809265137,2001.56005859375,2001,ARGO,FR GDAC,R
593,20251109_prof.nc,23,2902768,210,2025-11-09 15:34:49,13.773,81.202,15.399999618530273,1962.800048828125,90,ARGO,FR GDAC,R
594,20251109_prof.nc,24,5906264,187,2025-11-09 15:31:49,-32.575,109.109,4.5,1997.8599853515625,509,ARGO,FR GDAC,R
595,20251109_prof.nc,25,2902767,214,2025-11-09 15:28:21,-2.284,94.161,0.4000000059604645,1982.800048828125,102,ARGO,FR GDAC,R
596,20251109_prof.nc,26,2902773,215,2025-11-09 15:26:32,-6.7,77.511,0.30000001192092896,1979.9000244140625,102,ARGO,FR GDAC,R
597,20251109_prof.nc,27,2902772,209,2025-11-09 15:25:37,13.935,83.766,0.0,1983.699951171875,102,ARGO,FR GDAC,R
598,20251109_prof.nc,28,5905417,259,2025-11-09 15:23:52,-16.6695,118.054,2.5,2001.300048828125,1001,ARGO,FR GDAC,R
599,20251109_prof.nc,29,2902770,209,2025-11-09 15:22:31,9.997,90.056,0.20000000298023224,1985.0,102,ARGO,FR GDAC,R
600,20251109_prof.nc,30,1902367,28,2025-11-09 15:05:16,4.05855,90.55648,1.0399999618530273,2011.3199462890625,1012,ARGO,FR GDAC,R
601,20251109_prof.nc,31,4902656,52,2025-11-09 15:05:00,-33.46017074584961,41.46544647216797,0.30000001192092896,2015.0,680,ARGO,FR GDAC,R
602,20251109_prof.nc,32,4902649,52,2025-11-09 15:03:00,-33.733795166015625,47.633846282958984,0.4000000059604645,2024.0,582,ARGO,FR GDAC,R
603,20251109_prof.nc,33,3902460,105,2025-11-09 14:43:30,-36.792946666666666,118.65071166666667,3.0,1991.4000244140625,1007,ARGO,FR GDAC,R
604,20251109_prof.nc,34,5906141,197,2025-11-09 14:40:02,-24.30082,84.43427,1.1200000047683716,2009.1600341796875,1011,ARGO,FR GDAC,R
605,20251109_prof.nc,35,2903891,79,2025-11-09 14:22:51,12.933333333333334,89.81666666666666,0.10000000149011612,1978.300048828125,102,ARGO,FR GDAC,R
606,20251109_prof.nc,36,7902242,36,2025-11-09 14:16:36,4.483333333333333,80.83333333333333,0.4000000059604645,2029.5,104,ARGO,FR GDAC,R
607,20251109_prof.nc,37,6990678,36,2025-11-09 14:01:49,2.9166666666666665,81.06666666666666,0.10000000149011612,1984.0999755859375,102,ARGO,FR GDAC,R
608,20251109_prof.nc,38,6990617,67,2025-11-09 13:58:58,-15.633333333333333,86.4,0.4000000059604645,2003.0999755859375,103,ARGO,FR GDAC,R
609,20251109_prof.nc,39,4903776,79,2025-11-09 13:58:57,10.183333333333334,89.4,0.10000000149011612,1976.199951171875,102,ARGO,FR GDAC,R
610,20251109_prof.nc,40,7902246,32,2025-11-09 13:56:33,-2.5833333333333335,89.03333333333333,0.30000001192092896,1967.0999755859375,101,ARGO,FR GDAC,R
611,20251109_prof.nc,41,1902676,66,2025-11-09 13:54:09,-12.75,83.53333333333333,0.20000000298023224,2002.5,103,ARGO,FR GDAC,R
612,20251109_prof.nc,42,7902247,32,2025-11-09 13:49:55,2.1333333333333333,87.36666666666666,175.6999969482422,1983.300048828125,75,ARGO,FR GDAC,R
613,20251109_prof.nc,43,4903631,100,2025-11-09 13:49:30,-52.76889666666667,134.62618,3.0,2021.199951171875,1018,ARGO,FR GDAC,R
614,20251109_prof.nc,44,7902250,32,2025-11-09 13:29:00,-1.799335,91.90510333333333,2.5,1967.699951171875,91,ARGO,FR GDAC,R
615,20251109_prof.nc,45,5905529,110,2025-11-09 12:54:20,-15.414288333333333,92.77374333333333,0.20000000298023224,2019.4000244140625,1012,ARGO,FR GDAC,R
616,20251109_prof.nc,46,5905541,103,2025-11-09 12:27:00,-62.608016666666664,112.30042,1.2000000476837158,1988.5,996,ARGO,FR GDAC,R
617,20251109_prof.nc,47,1902040,261,2025-11-09 12:07:55,-33.42365,32.04753,1.0399999618530273,2009.4000244140625,1011,ARGO,FR GDAC,R
618,20251109_prof.nc,48,7900575,168,2025-11-09 11:59:20,-49.32140166666667,30.300698333333333,3.0,1987.199951171875,491,ARGO,FR GDAC,R
619,20251109_prof.nc,49,6903798,172,2025-11-09 11:55:20,-55.94403833333333,23.97669,3.299999952316284,2035.300048828125,163,ARGO,FR GDAC,R
620,20251109_prof.nc,50,1901924,188,2025-11-09 11:46:16,-41.7573,91.2941,2.819999933242798,1990.199951171875,546,ARGO,FR GDAC,R
621,20251109_prof.nc,51,1902082,137,2025-11-09 11:39:35,-45.6925,61.3596,2.5,1997.0699462890625,599,ARGO,FR GDAC,R
622,20251109_prof.nc,52,6904072,171,2025-11-09 11:35:20,-38.437675,91.54149666666666,3.0,2007.199951171875,495,ARGO,FR GDAC,R
623,20251109_prof.nc,53,1902701,35,2025-11-09 11:31:41,-45.62968,73.52231,1.0,2003.47998046875,1007,ARGO,FR GDAC,R
624,20251109_prof.nc,54,5907170,23,2025-11-09 10:14:24,-5.294,90.1531,4.300000190734863,1996.199951171875,997,ARGO,FR GDAC,R
625,20251109_prof.nc,55,7901126,79,2025-11-09 09:54:49,13.15,92.16666666666667,0.10000000149011612,1806.0,95,ARGO,FR GDAC,R
626,20251109_prof.nc,56,2903142,108,2025-11-09 09:38:05,12.31082,63.59524,1.0800000429153442,2014.8399658203125,1012,ARGO,FR GDAC,R
627,20251109_prof.nc,57,2902273,239,2025-11-09 09:35:43,17.731413,68.06089,4.179999828338623,1987.3699951171875,993,ARGO,FR GDAC,R
628,20251109_prof.nc,58,7900515,251,2025-11-09 09:34:00,-62.83813333333333,133.28961833333332,3.0999999046325684,2027.0999755859375,499,ARGO,FR GDAC,R
629,20251109_prof.nc,59,1902276,193,2025-11-09 09:02:51,-32.40866,38.80913,0.9599999785423279,2005.3599853515625,1008,ARGO,FR GDAC,R
630,20251109_prof.nc,60,1902297,177,2025-11-09 08:51:50,-47.61022,119.73413,1.0,2017.5999755859375,1014,ARGO,FR GDAC,R
631,20251109_prof.nc,61,5906142,197,2025-11-09 08:38:15,-27.03766,100.56324,1.0800000429153442,2005.9200439453125,1009,ARGO,FR GDAC,R
632,20251109_prof.nc,62,5905584,33,2025-11-09 08:31:20,-36.065693333333336,115.550715,0.20000000298023224,1989.4000244140625,997,ARGO,FR GDAC,R
633,20251109_prof.nc,63,5905774,260,2025-11-09 08:07:02,-25.69589,77.95315,1.0800000429153442,2003.3599853515625,1008,ARGO,FR GDAC,R
634,20251109_prof.nc,64,3902336,41,2025-11-09 07:05:27,-39.68018,54.14873,1.0,2003.43994140625,1007,ARGO,FR GDAC,R
635,20251109_prof.nc,65,4903876,25,2025-11-09 05:50:32,-45.583333333333336,80.53333333333333,0.30000001192092896,2003.800048828125,103,ARGO,FR GDAC,R
636,20251109_prof.nc,66,5905428,254,2025-11-09 05:45:46,-24.2149,52.7535,4.300000190734863,2001.5999755859375,1000,ARGO,FR GDAC,R
637,20251109_prof.nc,67,1902470,95,2025-11-09 05:45:42,-38.03378,37.5257,1.0,2005.0799560546875,1008,ARGO,FR GDAC,R
638,20251109_prof.nc,68,6903048,186,2025-11-09 05:33:30,-38.38554333333333,32.223933333333335,3.0,2026.199951171875,992,ARGO,FR GDAC,R
639,20251109_prof.nc,69,1902330,249,2025-11-09 05:26:50,-57.816,101.897,4.099999904632568,1997.9000244140625,998,ARGO,FR GDAC,R
640,20251109_prof.nc,70,5906527,124,2025-11-09 04:27:19,-34.383,43.0,4.400000095367432,1699.3599853515625,498,ARGO,FR GDAC,R
641,20251109_prof.nc,71,1902258,196,2025-11-09 04:09:06,-26.77809,62.70771,1.0,2004.4000244140625,1008,ARGO,FR GDAC,R
642,20251109_prof.nc,72,4902657,59,2025-11-09 04:05:00,-39.58855438232422,61.33808898925781,0.20000000298023224,2003.199951171875,679,ARGO,FR GDAC,R
643,20251109_prof.nc,73,1902624,28,2025-11-09 04:02:43,-3.61796,89.7741,1.1200000047683716,2005.280029296875,1009,ARGO,FR GDAC,R
644,20251109_prof.nc,74,5905775,260,2025-11-09 03:55:01,-39.89902,40.84631,0.9200000166893005,2005.47998046875,1009,ARGO,FR GDAC,R
645,20251109_prof.nc,75,5904811,333,2025-11-09 03:54:29,-35.661,119.002,4.099999904632568,1997.5999755859375,510,ARGO,FR GDAC,R
646,20251109_prof.nc,76,5906148,193,2025-11-09 03:08:38,-41.54106,118.52495,0.9599999785423279,2004.1199951171875,1008,ARGO,FR GDAC,R
647,20251109_prof.nc,77,4903794,40,2025-11-09 02:42:20,6.914368333333333,85.86431666666667,2.799999952316284,2021.199951171875,498,ARGO,FR GDAC,R
648,20251109_prof.nc,78,2903144,71,2025-11-09 02:29:01,-30.04827,107.19754,0.9599999785423279,2009.3199462890625,1010,ARGO,FR GDAC,R
649,20251109_prof.nc,79,6903778,209,2025-11-09 01:50:30,-52.10343,109.04863666666667,3.4000000953674316,2010.699951171875,162,ARGO,FR GDAC,R
650,20251109_prof.nc,80,5906260,194,2025-11-09 01:49:47,-41.093,130.178,4.400000095367432,1998.1600341796875,510,ARGO,FR GDAC,R
651,20251109_prof.nc,81,7901016,82,2025-11-09 01:46:30,13.787566666666667,57.558861666666665,3.700000047683716,1981.800048828125,1003,ARGO,FR GDAC,R
652,20251109_prof.nc,82,7900551,204,2025-11-09 01:45:20,-44.363443333333336,66.96657833333333,6.099999904632568,1971.800048828125,283,ARGO,FR GDAC,R
653,20251109_prof.nc,83,2903775,82,2025-11-09 01:40:30,-9.374986666666667,66.49734666666667,2.799999952316284,2021.4000244140625,992,ARGO,FR GDAC,R
654,20251109_prof.nc,84,5907179,26,2025-11-09 01:07:14,12.966666666666667,68.66666666666667,0.20000000298023224,862.5,56,ARGO,FR GDAC,R
655,20251109_prof.nc,85,3901994,249,2025-11-09 00:51:20,-47.87876166666667,36.21113666666667,2.799999952316284,1982.9000244140625,583,ARGO,FR GDAC,R
656,20251109_prof.nc,86,5905599,26,2025-11-09 00:42:20,-30.937175,106.44929666666667,0.20000000298023224,2025.300048828125,1015,ARGO,FR GDAC,R
657,20251110_prof.nc,0,2902769,217,2025-11-10 17:20:54,-1.596,73.458,0.10000000149011612,1980.800048828125,102,ARGO,FR GDAC,R
658,20251110_prof.nc,1,2903955,106,2025-11-10 16:46:20,23.109125,59.499705,3.299999952316284,1997.199951171875,998,ARGO,FR GDAC,R
659,20251110_prof.nc,2,6904077,143,2025-11-10 16:45:20,-44.837093333333335,43.871563333333334,2.799999952316284,1368.0,367,ARGO,FR GDAC,R
660,20251110_prof.nc,3,6901987,135,2025-11-10 15:59:30,-44.054581666666664,37.85380333333333,2.9000000953674316,2027.0,597,ARGO,FR GDAC,R
661,20251110_prof.nc,4,3902658,23,2025-11-10 13:24:48,-8.0593,72.5756,4.099999904632568,2006.300048828125,1002,ARGO,FR GDAC,R
662,20251110_prof.nc,5,1902286,47,2025-11-10 13:20:17,4.52,60.5623,4.199999809265137,1977.5,988,ARGO,FR GDAC,R
663,20251110_prof.nc,6,5905545,99,2025-11-10 12:44:20,-26.503173333333333,82.452105,0.20000000298023224,2008.9000244140625,1007,ARGO,FR GDAC,R
664,20251110_prof.nc,7,7900576,177,2025-11-10 11:47:20,-43.698253333333334,46.03066666666667,2.799999952316284,1992.800048828125,492,ARGO,FR GDAC,R
665,20251110_prof.nc,8,3902337,41,2025-11-10 11:39:02,-38.46769,36.9994,0.9200000166893005,2009.800048828125,1010,ARGO,FR GDAC,R
666,20251110_prof.nc,9,5902483,335,2025-11-10 11:14:59,-34.12913,95.15014,1.0399999618530273,2005.239990234375,1009,ARGO,FR GDAC,R
667,20251110_prof.nc,10,6902951,225,2025-11-10 11:06:20,-10.374433333333334,54.006025,3.200000047683716,2031.0999755859375,987,ARGO,FR GDAC,R
668,20251110_prof.nc,11,7901015,85,2025-11-10 10:59:30,0.37502,93.57741166666666,2.700000047683716,2026.199951171875,1016,ARGO,FR GDAC,R
669,20251110_prof.nc,12,5905603,23,2025-11-10 10:38:20,-54.013198333333335,78.05980833333334,0.30000001192092896,2033.0999755859375,1019,ARGO,FR GDAC,R
670,20251110_prof.nc,13,1902048,252,2025-11-10 10:17:36,-35.17007,97.9334,1.0,2003.8399658203125,1008,ARGO,FR GDAC,R
671,20251110_prof.nc,14,1901761,170,2025-11-10 08:48:57,-37.1526,37.5659,4.199999809265137,1984.4000244140625,991,ARGO,FR GDAC,R
672,20251110_prof.nc,15,5905214,292,2025-11-10 08:34:05,-10.6309,96.9569,4.199999809265137,2003.4000244140625,1001,ARGO,FR GDAC,R
673,20251110_prof.nc,16,6990588,60,2025-11-10 08:16:45,-36.0248,121.6304,4.199999809265137,1699.739990234375,496,ARGO,FR GDAC,R
674,20251110_prof.nc,17,6990634,53,2025-11-10 07:47:53,-13.8016,69.4528,4.199999809265137,2017.0999755859375,1008,ARGO,FR GDAC,R
675,20251110_prof.nc,18,5905404,263,2025-11-10 07:35:52,-13.5916,92.7289,4.199999809265137,1998.300048828125,948,ARGO,FR GDAC,R
676,20251110_prof.nc,19,1902293,177,2025-11-10 06:58:00,-44.67232,49.65203,1.1200000047683716,2004.43994140625,1007,ARGO,FR GDAC,R
677,20251110_prof.nc,20,2903774,102,2025-11-10 06:53:30,-49.83587166666667,23.86784,3.0999999046325684,1981.0999755859375,595,ARGO,FR GDAC,R
678,20251110_prof.nc,21,4903839,107,2025-11-10 06:23:20,25.025261666666665,57.15512,3.4000000953674316,1279.5,639,ARGO,FR GDAC,R
679,20251110_prof.nc,22,6904069,171,2025-11-10 06:20:20,-59.379146666666664,58.865495,2.9000000953674316,2027.199951171875,499,ARGO,FR GDAC,R
680,20251110_prof.nc,23,5906528,124,2025-11-10 06:17:10,-51.773,102.969,4.199999809265137,1599.02001953125,496,ARGO,FR GDAC,R
681,20251110_prof.nc,24,4903877,25,2025-11-10 05:50:43,-40.733333333333334,69.83333333333333,0.4000000059604645,2006.0,103,ARGO,FR GDAC,R
682,20251110_prof.nc,25,1902523,64,2025-11-10 05:34:10,-55.03158,105.62475,1.0,2003.52001953125,1007,ARGO,FR GDAC,R
683,20251110_prof.nc,26,5905385,292,2025-11-10 05:20:18,-23.2466,72.0672,4.300000190734863,1948.8299560546875,946,ARGO,FR GDAC,R
684,20251110_prof.nc,27,2903145,72,2025-11-10 04:30:26,9.19404,52.6574,0.47999998927116394,2017.43994140625,1015,ARGO,FR GDAC,R
685,20251110_prof.nc,28,7901117,28,2025-11-10 04:07:10,-2.92915,99.66373,1.0399999618530273,2007.52001953125,1010,ARGO,FR GDAC,R
686,20251110_prof.nc,29,7900695,29,2025-11-10 04:04:20,-60.220591666666664,80.787325,1.2999999523162842,1648.5,826,ARGO,FR GDAC,R
687,20251110_prof.nc,30,1902505,62,2025-11-10 03:57:01,-45.71594,24.33192,1.0399999618530273,2003.1600341796875,1007,ARGO,FR GDAC,R
688,20251110_prof.nc,31,5905460,212,2025-11-10 03:04:54,-24.8383,76.0811,4.300000190734863,1999.18994140625,948,ARGO,FR GDAC,R
689,20251110_prof.nc,32,7902148,19,2025-11-10 02:44:25,-41.791,137.7644,4.300000190734863,1999.449951171875,498,ARGO,FR GDAC,R
690,20251110_prof.nc,33,5906275,192,2025-11-10 02:25:49,-26.655,62.7,4.400000095367432,1949.68994140625,509,ARGO,FR GDAC,R
691,20251110_prof.nc,34,1902055,196,2025-11-10 02:16:07,-19.10927,104.89354,1.0800000429153442,2008.0400390625,1010,ARGO,FR GDAC,R
692,20251110_prof.nc,35,4903744,76,2025-11-10 01:37:49,-44.0671,23.2179,2.4000000953674316,1998.5,510,ARGO,FR GDAC,R
693,20251110_prof.nc,36,1902049,197,2025-11-10 01:21:04,-29.60977,110.58065,1.0,2004.0,1008,ARGO,FR GDAC,R
694,20251110_prof.nc,37,5906981,87,2025-11-10 01:20:33,-5.327559833333334,65.57173983333334,3.5999999046325684,1965.8900146484375,242,ARGO,FR GDAC,R
695,20251110_prof.nc,38,1901910,274,2025-11-10 01:14:03,1.0125,90.573,4.199999809265137,1900.199951171875,57,ARGO,FR GDAC,R
696,20251110_prof.nc,39,1902053,197,2025-11-10 00:55:27,-13.09775,85.91806,1.0399999618530273,2013.0799560546875,1013,ARGO,FR GDAC,R
697,20251110_prof.nc,40,6990716,26,2025-11-10 00:54:31,11.533333333333333,69.6,0.30000001192092896,2013.5999755859375,103,ARGO,FR GDAC,R
698,20251110_prof.nc,41,1902043,252,2025-11-10 00:53:50,-35.63064,37.18664,1.0399999618530273,2006.0400390625,1009,ARGO,FR GDAC,R
699,20251110_prof.nc,42,5905600,26,2025-11-10 00:53:20,-29.299513333333334,106.74282,0.30000001192092896,2017.5,1008,ARGO,FR GDAC,R
700,20251110_prof.nc,43,7900510,251,2025-11-10 00:37:00,-63.24751833333333,73.342215,3.200000047683716,1976.0999755859375,489,ARGO,FR GDAC,R
